age,annual_income,risk_tolerance,investment_goal,stocks_current,bonds_current,crypto_current,sentiment_score,stocks_target,bonds_target,crypto_target
56,100-200,conservative,balanced,0.44822210018540587,0.531520372102218,0.02025752771237593,0.7962532370623792,0.2505830421235003,0.6511317325745017,0.098285225301998
69,100-200,moderate,income,0.29008538322325456,0.2749729920208404,0.4349416247559049,0.2368020784677022,0.41539497231906913,0.44776293401675743,0.13684209366417344
46,100-200,conservative,growth,0.5410935344045948,0.3931363602455576,0.06577010534984762,0.27309075864868265,0.26159428631685566,0.6269391568667688,0.11146655681637568
32,>200,moderate,growth,0.401095923323868,0.4708100196775392,0.12809405699859278,0.5982882360128859,0.4608523514859735,0.3465222666360978,0.19262538187792866
60,<50,conservative,income,0.6708929773733426,0.3011390930733311,0.02796792955332615,0.5720354723972746,0.2488878797241088,0.6948518134141684,0.05626030686172296
25,100-200,aggressive,income,0.49759831584276903,0.26726935771076077,0.2351323264464702,0.5205742501426748,0.6056164325458403,0.2662586117667272,0.12812495568743246
38,<50,moderate,income,0.38352762700592996,0.5348041472924853,0.08166822570158482,0.47775252779020894,0.3983250036431271,0.46929535046397963,0.13237964589289322
56,>200,aggressive,income,0.41605163950619894,0.3957422018258606,0.18820615866794052,0.5018473394050302,0.6274708784137445,0.17358341914581205,0.19894570244044354
36,50-100,moderate,balanced,0.523940611159924,0.31751379233096105,0.15854559650911515,0.5985085538943566,0.4850603948925911,0.38133058490128774,0.13360902020612098
40,100-200,aggressive,growth,0.47762145601010014,0.46885261559474817,0.05352592839515168,0.20145356232005684,0.6039197441511772,0.2023762173266748,0.19370403852214807
28,<50,conservative,balanced,0.5483701423741597,0.33802288199267033,0.11360697563316999,0.3824961418929965,0.24670631897877893,0.7292611530627423,0.024032527958478836
28,<50,conservative,growth,0.4455015611036712,0.5051698071587625,0.04932863173756642,0.5627958044820978,0.22094251205417154,0.7106887214506012,0.06836876649522736
41,100-200,conservative,growth,0.4264057714017922,0.4809060858198634,0.0926881427783445,0.7055512690715523,0.2815355265068108,0.6239766072228519,0.0944878662703374
53,50-100,moderate,income,0.5453862971561977,0.38311526271646634,0.07149844012733601,0.32190968467677744,0.41368097719996844,0.423268791399371,0.1630502314006606
57,50-100,aggressive,balanced,0.4117581848556257,0.3195014870840905,0.2687403280602838,0.5828168216512031,0.6749040078196903,0.1907974682627407,0.134298523917569
41,50-100,conservative,income,0.4068623915867492,0.575017394480664,0.018120213932586778,0.7001217787200472,0.29943632140085974,0.6308021327216459,0.06976154587749436
20,>200,aggressive,balanced,0.38331937116678877,0.4636377385716568,0.15304289026155454,0.5112393605397333,0.6531234660633228,0.20591482172149492,0.14096171221518228
39,<50,aggressive,growth,0.6908931656268517,0.23541114430913015,0.07369569006401815,0.21895679356903575,0.5649940181312156,0.3141206122007769,0.12088536966800738
19,<50,conservative,income,0.677721124195692,0.22467753356972975,0.0976013422345783,0.5144877109259457,0.2136010144199255,0.7296812423802951,0.056717743199779555
41,<50,conservative,income,0.5502253153766207,0.2915697554220208,0.15820492920135862,0.4075114214209072,0.2467274912456589,0.7303417567064918,0.022930752047849327
61,>200,aggressive,growth,0.5032044745679651,0.3248683052717174,0.17192722016031756,0.8507547253909298,0.6096189515539816,0.20535371680171763,0.1850273316443009
47,<50,conservative,growth,0.20944155299618739,0.6829415574878555,0.10761688951595728,0.2872293699748292,0.2150341682830721,0.745237195485783,0.03972863623114492
55,>200,conservative,growth,0.17007758918918114,0.7843443583664037,0.04557805244441511,0.6567331688550625,0.3241401304307346,0.5827223752766643,0.09313749429260107
19,50-100,conservative,income,0.4189992069679143,0.5079185626187306,0.07308223041335506,0.2369038364341508,0.272491538280836,0.637160134039529,0.09034832767963503
38,100-200,moderate,balanced,0.3410090231682202,0.6243244787227297,0.03466649810905012,0.5123193064688876,0.46479217103734055,0.35950906251969705,0.17569876644296234
50,<50,aggressive,income,0.5547204420129851,0.3655065100706952,0.07977304791631973,0.5877856410540564,0.6210408273394245,0.2613770755252128,0.1175820971353627
29,<50,aggressive,balanced,0.3984152994869814,0.3861183727538675,0.21546632775915103,0.4085684519218058,0.6050549171570219,0.31029271526782715,0.08465236757515093
39,50-100,moderate,income,0.4238899547316251,0.5483744011952771,0.027735644073097726,0.5185529448642691,0.44844559318401533,0.3985284314760776,0.15302597533990697
61,100-200,aggressive,income,0.2595017799755185,0.7206880553662217,0.019810164658259813,0.31448765617113117,0.6014987750396523,0.22987473121860685,0.1686264937417408
42,>200,conservative,growth,0.5214453486710681,0.33528811794912877,0.1432665333798032,0.41288669462762534,0.3027308769468233,0.5785259682100498,0.11874315484312693
66,100-200,aggressive,balanced,0.25499311194424973,0.6363118729899628,0.10869501506578742,0.6347744274371421,0.6125032879829305,0.21202455867499065,0.17547215334207894
44,50-100,conservative,income,0.6564477147210456,0.303327667465444,0.040224617813510485,0.41126003910280856,0.26301667125581346,0.6438113130346541,0.09317201570953246
59,50-100,moderate,income,0.555479536319651,0.3778403658764469,0.06668009780390219,0.8298201548862102,0.43090915830721377,0.4068491406187243,0.16224170107406208
45,100-200,conservative,growth,0.4947943272868311,0.3782066777273583,0.12699899498581063,0.6398848703486928,0.24826816493472165,0.6486878508976439,0.10304398416763445
33,>200,aggressive,growth,0.21919427117981308,0.6315379623558878,0.14926776646429912,0.5070543129051891,0.6504834694788725,0.15212751296970464,0.197389017551423
32,>200,aggressive,balanced,0.6704349809921695,0.18956144208319758,0.14000357692463292,0.22712985488792775,0.644278600598955,0.1798823708850646,0.17583902851598043
64,<50,aggressive,income,0.5267137293662913,0.4322901395222568,0.040996131111451777,0.5496838346432699,0.6019844406513482,0.2956781907353791,0.10233736861327274
68,>200,moderate,balanced,0.6368107764945186,0.1561972041284714,0.20699201937701012,0.7353433694875624,0.4528929343592,0.3367038084919027,0.21040325714889738
61,100-200,moderate,income,0.420265760690952,0.5074263505121941,0.07230788879685383,0.38589031860868955,0.44717674822451947,0.44057227074670197,0.11225098102877863
69,50-100,aggressive,balanced,0.6692794429700767,0.14390814432456997,0.1868124127053533,0.7647414987541371,0.6439148745685339,0.2561496101179091,0.09993551531355704
20,<50,conservative,growth,0.355051194661189,0.38666952403034777,0.2582792813084633,0.376264736235617,0.18130700691593649,0.7593730095838832,0.05931998350018028
54,<50,moderate,income,0.5048219786381777,0.34409931787030723,0.1510787034915152,0.7766224715655603,0.38699226311689483,0.4759318631850162,0.13707587369808902
68,50-100,aggressive,balanced,0.3760304411229832,0.5529851036714793,0.07098445520553742,0.25968783912817417,0.6626733884414177,0.20871613819036966,0.1286104733682127
24,>200,aggressive,growth,0.7034102809655454,0.21424334026401165,0.08234637877044293,0.8063285962083206,0.6709454685727038,0.17764229514765445,0.1514122362796418
38,50-100,moderate,growth,0.748285014404335,0.1590720489108025,0.09264293668486237,0.5494305156533313,0.41663739907005437,0.4206944056841058,0.16266819524583978
26,>200,moderate,balanced,0.6086476269823929,0.26634488142025126,0.1250074915973558,0.4075763127341834,0.45756333498078555,0.3780407967836143,0.16439586823560018
56,50-100,moderate,income,0.762733099063333,0.18520345431955224,0.052063446617114734,0.38557927529060415,0.4309592459819087,0.44594427599561254,0.12309647802247885
35,100-200,conservative,income,0.2608234666960431,0.35930421148114833,0.37987232182280856,0.5024073912512539,0.26359293167762315,0.6275443391906584,0.10886272913171831
21,>200,conservative,growth,0.14613697740644838,0.6878846941628655,0.16597832843068616,0.8993346486725514,0.3242251096844775,0.5975539366740401,0.07822095364148236
42,100-200,aggressive,income,0.26525594817817566,0.4697207131333122,0.26502333868851213,0.3542291754063078,0.6018234872194492,0.25108741217641817,0.14708910060413266
31,<50,moderate,income,0.538680762092351,0.17833748041609276,0.28298175749155624,0.27225165421529973,0.3573441789200388,0.5049198367390952,0.13773598434086604
67,50-100,conservative,income,0.4126710370850741,0.45289941005722295,0.1344295528577031,0.6095246181030634,0.2429539828114757,0.6833843345304064,0.07366168265811784
26,<50,moderate,growth,0.3040036191978447,0.6545669328318601,0.04142944797029515,0.5419797265081799,0.378704915553756,0.48978956289390024,0.13150552155234385
43,<50,aggressive,balanced,0.1561881548145288,0.46904490191870096,0.3747669432667703,0.5669373897443152,0.6167410449717788,0.306003609108875,0.07725534591934621
19,<50,conservative,income,0.6931319317753685,0.2580916415977046,0.04877642662692696,0.666854792290052,0.21487999010320133,0.7545533846147447,0.030566625282053866
37,<50,conservative,growth,0.4281148463186708,0.4343749782049006,0.13751017547642863,0.3870008489094545,0.26125238400154405,0.7081152525338716,0.030632363464584412
45,50-100,conservative,growth,0.6056793300275215,0.18364943823944999,0.21067123173302857,0.8374654967687218,0.31428345442294503,0.6320849954365965,0.053631550140458464
64,<50,aggressive,balanced,0.4572925666283055,0.40632044549276153,0.13638698787893314,0.5049704462856033,0.6006229926552842,0.28247323801824753,0.11690376932646837
24,50-100,moderate,income,0.44369402056008567,0.42568980598336326,0.13061617345655127,0.29036033659972327,0.42311444373005325,0.40652813148417094,0.17035742478577592
61,50-100,conservative,income,0.5352744193719463,0.45117168906571975,0.013553891562333843,0.719609129713761,0.23542378616678983,0.670046401791135,0.0945298120420753
25,100-200,aggressive,balanced,0.32163087898147397,0.5867109671194269,0.0916581538990991,0.6501730468324952,0.6466192781050882,0.20072971483164684,0.15265100706326484
64,>200,moderate,balanced,0.5770761189581639,0.25019092892173644,0.1727329521200997,0.42102038173882594,0.42909004611202206,0.3746493212206784,0.1962606326672994
52,>200,aggressive,growth,0.5182367694264617,0.2784191598319781,0.20334407074156016,0.6350631068238339,0.6926839935885195,0.1647283112021501,0.14258769520933043
31,50-100,moderate,growth,0.40421310188280296,0.41562212402719706,0.18016477409,0.3539033694582838,0.5030098823742601,0.38589667104919306,0.1110934465765468
34,100-200,aggressive,balanced,0.15964803126511393,0.7141032301441718,0.12624873859071425,0.5113875515383707,0.595692521793069,0.22659791687975855,0.17770956132717253
53,50-100,moderate,income,0.36014725661350844,0.5389456014563844,0.10090714193010723,0.8295887655171277,0.48402221070039236,0.40426158729860784,0.11171620200099984
67,50-100,conservative,growth,0.6392248875402566,0.2554682862649144,0.10530682619482888,0.2934739632125246,0.23423972651380998,0.6718603920921374,0.09389988139405259
57,50-100,moderate,growth,0.5269726200355623,0.3760439294825697,0.09698345048186789,0.4706875149912234,0.45277654688790564,0.3877011929020915,0.15952226021000282
21,100-200,aggressive,income,0.4065632470624516,0.4585245255652525,0.1349122273722958,0.774799697304243,0.668552659536721,0.2119294478212307,0.11951789264204832
19,>200,aggressive,growth,0.5434791338630535,0.2606189971109885,0.19590186902595802,0.8786436295843247,0.6269266220828182,0.21725179776587578,0.15582158015130604
23,100-200,moderate,income,0.17670156862173877,0.48642598100446005,0.33687245037380126,0.5177482954952571,0.4397079087256737,0.38494034153308193,0.1753517497412443
59,<50,conservative,income,0.331467313595593,0.19788834833688884,0.47064433806751826,0.5548997341003432,0.1909089235214024,0.756191446383186,0.05289963009541156
21,100-200,conservative,income,0.6009437167680677,0.17355277529468818,0.22550350793724422,0.6005203732486388,0.2815979626346272,0.6291224335891151,0.0892796037762577
46,100-200,moderate,balanced,0.3988306398433657,0.43200939906325336,0.16915996109338105,0.8526436991435975,0.426809069314375,0.39074175044530546,0.18244918024031953
35,100-200,moderate,balanced,0.3256774636896406,0.6639846136598943,0.010337922650465174,0.8007447536839208,0.45740871746565304,0.38321531341705334,0.15937596911729354
43,100-200,aggressive,balanced,0.4307007783619761,0.43138082271020917,0.13791839892781485,0.31942078723515105,0.6080887868167161,0.20294428027522582,0.18896693290805822
61,>200,conservative,income,0.40262768380485486,0.5039902925214139,0.09338202367373129,0.5057304724929526,0.33316217568846695,0.5763429228120418,0.09049490149949134
51,<50,moderate,income,0.43314799606596727,0.5271234553360936,0.03972854859793915,0.5248002997374984,0.38268828511899905,0.4991710676473176,0.11814064723368337
27,>200,conservative,balanced,0.3044341159815852,0.4063671310034876,0.2891987530149272,0.7523672781541296,0.3222060993876943,0.5816851539543658,0.09610874665793993
53,>200,moderate,growth,0.5904137580583977,0.3147337677413561,0.09485247420024617,0.6220250178238047,0.4739374361527614,0.39965177738455876,0.12641078646267995
31,100-200,moderate,income,0.709945164385507,0.2685921378831192,0.021462697731373655,0.657954323420309,0.45630795800230867,0.35454002862229117,0.1891520133754001
48,50-100,conservative,growth,0.41482776850328806,0.516046884487506,0.06912534700920611,0.8987399353659323,0.23801366701244495,0.6854691867517948,0.07651714623576027
65,50-100,moderate,growth,0.6216940614958583,0.3780598444178398,0.0002460940863019638,0.2524720304290092,0.45465179100740843,0.4113968772499691,0.13395133174262253
32,>200,moderate,income,0.28279863499313357,0.5160297645221213,0.2011716004847449,0.3561068764736131,0.4575689666828096,0.36224102795132235,0.18019000536586804
25,>200,aggressive,income,0.37593804698179684,0.614951682989784,0.009110270028419253,0.4855271561600828,0.6792756105772724,0.17355350015313364,0.14717088926959399
31,100-200,moderate,growth,0.4225447191036662,0.44895875465255464,0.12849652624377922,0.44344768213422103,0.4139959237939814,0.3844861397457186,0.20151793646029997
40,>200,moderate,growth,0.5320174831158262,0.2359404732374646,0.23204204364670927,0.21515189294288853,0.48784484879230244,0.38021585591562707,0.1319392952920705
57,100-200,moderate,balanced,0.28984843638364016,0.4415169881765454,0.2686345754398144,0.2642443245298231,0.4373072293124357,0.41415650264007337,0.14853626804749082
38,50-100,aggressive,balanced,0.41685169255116294,0.358830436225836,0.2243178712230011,0.6766673039825033,0.6159479142795514,0.2368651311771694,0.1471869545432793
33,50-100,conservative,income,0.5469479147027301,0.4434651431008371,0.009586942196432767,0.8155271243537924,0.2948264060739237,0.6479032513889179,0.05727034253715844
62,<50,aggressive,balanced,0.3718979245569512,0.5100985839342829,0.11800349150876589,0.5599589078861843,0.5798324827721056,0.32104555431701276,0.09912196291088157
35,50-100,aggressive,balanced,0.44697333943495166,0.19306683966141946,0.359959820903629,0.577433755659543,0.6122395190484001,0.20403803842290974,0.18372244252869008
64,>200,conservative,balanced,0.1512958192120008,0.5064759575057807,0.34222822328221847,0.37856540298266556,0.26092866096324163,0.6122369418546098,0.12683439718214864
41,50-100,aggressive,balanced,0.3055908887014797,0.4671312183378265,0.22727789296069384,0.737513454543598,0.6022808909500764,0.21707218955239826,0.1806469194975253
43,100-200,conservative,growth,0.3474862410734759,0.4383778585305121,0.21413590039601194,0.7262562111570794,0.28832216405327293,0.6287075236184675,0.08297031232825966
42,50-100,aggressive,income,0.5781916222476315,0.39881950075380324,0.022988876998565062,0.6118559824523596,0.6089476093083274,0.23215351706224974,0.1588988736294229
62,<50,conservative,balanced,0.2693324627761464,0.5959584261468226,0.13470911107703093,0.34886500055794,0.1968171161946353,0.7364706540425932,0.0667122297627716
58,50-100,moderate,growth,0.49868704842632183,0.40866675527291346,0.09264619630076462,0.2679127527659626,0.41529834820701056,0.42515075282332593,0.15955089896966362
46,100-200,aggressive,growth,0.6184481630044791,0.14891945617948318,0.23263238081603768,0.24496700309998812,0.644377585312027,0.22706838306427296,0.1285540316237001
32,100-200,aggressive,growth,0.4005377121325765,0.5559233249402957,0.04353896292712779,0.6148872466500144,0.6246089914211028,0.21835592341198523,0.15703508516691198
62,>200,aggressive,balanced,0.7546076185468048,0.19445280088704292,0.050939580566152345,0.77752472339996,0.6064897633438631,0.20789851667280382,0.18561171998333315
18,50-100,aggressive,balanced,0.44148643753271327,0.4693885525666495,0.0891250099006373,0.8008313022466473,0.6597265552210346,0.20494695500391305,0.1353264897750523
42,100-200,moderate,income,0.5986504395264699,0.38343291326437895,0.017916647209151114,0.5245354520404149,0.45425077129948777,0.4021220923206098,0.14362713637990243
24,<50,aggressive,balanced,0.5028703155134849,0.4383634203053793,0.05876626418113589,0.7489899095147018,0.6143559870784812,0.25223133012730947,0.13341268279420937
26,>200,moderate,balanced,0.3129020531520082,0.47351859958269793,0.21357934726529387,0.8628161374387165,0.4800916820095811,0.3957119424050491,0.1241963755853698
41,<50,moderate,growth,0.25739955734441,0.6174788535586412,0.12512158909694884,0.3926190787416476,0.4160225286312514,0.447642693958328,0.1363347774104206
18,50-100,moderate,income,0.28578490864893735,0.5406717042709649,0.1735433870800977,0.47857224246653,0.45068028011130423,0.3796270951787221,0.16969262470997373
61,50-100,moderate,balanced,0.32687301374066263,0.43811454932924127,0.23501243693009616,0.8520352948176765,0.46792229566924787,0.37922981744013745,0.15284788689061476
25,50-100,conservative,balanced,0.43127767801740996,0.4726704045562843,0.09605191742630588,0.4367616771220994,0.2582894254528461,0.6484380075624409,0.09327256698471295
41,>200,conservative,growth,0.2893145532892893,0.6412249459847665,0.06946050072594401,0.8397134032252573,0.33681530659624354,0.5445673631683394,0.11861733023541704
28,100-200,aggressive,growth,0.5203495437119775,0.43617473080257035,0.04347572548545224,0.886731403578126,0.6000509304959615,0.2785399558833156,0.1214091136207229
68,>200,conservative,balanced,0.5811520538059314,0.3284916559161743,0.09035629027789435,0.6632675100020973,0.29877779552884154,0.588987310744282,0.11223489372687635
34,<50,conservative,income,0.303843652717364,0.5439836741219253,0.15217267316071073,0.7718232026529178,0.177814071840902,0.755353006690855,0.066832921468243
25,>200,aggressive,income,0.21318695108502364,0.6661115761393908,0.1207014727755856,0.7246818949547597,0.6269790581040072,0.21499437309632977,0.15802656879966298
52,<50,aggressive,growth,0.5673791800085313,0.43100391983183817,0.0016169001596306127,0.6896739803308667,0.5845131008166033,0.29502888960290985,0.12045800958048686
52,>200,aggressive,growth,0.6143962755349992,0.24302692929708103,0.14257679516791982,0.4148517510868628,0.6345620317844805,0.16050774494113793,0.20493022327438157
50,100-200,conservative,balanced,0.5705976233750504,0.1687568387517148,0.2606455378732347,0.23996603653556062,0.2956291189423181,0.6300144259899249,0.07435645506775715
22,<50,conservative,growth,0.2530098355110509,0.5345023557176074,0.2124878087713416,0.4401362127637554,0.2524147130827068,0.686057185144477,0.061528101772816216
59,50-100,aggressive,balanced,0.4607510690592431,0.2404243895303984,0.29882454141035847,0.6668551896427346,0.6882659214287916,0.18388051941539776,0.12785355915581065
56,50-100,moderate,income,0.16805881793540142,0.5987858038254458,0.23315537823915278,0.271770438759461,0.41715304496852434,0.43264294108613366,0.15020401394534189
58,>200,aggressive,income,0.3209362725253703,0.5449036866027044,0.13416004087192526,0.20834258808476946,0.6352859659091243,0.20527222418954355,0.15944180990133214
45,50-100,moderate,balanced,0.5305415805216445,0.28154304329520696,0.18791537618314869,0.29778466082205707,0.4678999741480091,0.4136538530043295,0.11844617284766151
24,<50,moderate,growth,0.46719448070137837,0.4993927744633566,0.03341274483526496,0.7010151484875567,0.44079537818776676,0.4599173996866971,0.09928722212553616
26,50-100,aggressive,income,0.4386479291681673,0.393433899809526,0.16791817102230672,0.8809555911595107,0.6574166784815654,0.23144237665087222,0.11114094486756246
25,100-200,aggressive,growth,0.532432488994109,0.32660966071115244,0.14095785029473862,0.8881452897303743,0.6487215757549166,0.21152478903672706,0.13975363520835643
29,100-200,aggressive,income,0.5343539125292898,0.45758174550592506,0.008064341964785286,0.5457854043981315,0.6124221403047805,0.2157642855893418,0.17181357410587766
51,>200,conservative,balanced,0.4329517618052151,0.32729352330102485,0.23975471489375993,0.8085466106946432,0.31311486508579395,0.5667913352026168,0.12009379971158929
50,<50,moderate,balanced,0.28651011766249157,0.48397109242524705,0.2295187899122614,0.7157785190260528,0.3894774412422476,0.49565535552566564,0.11486720323208678
65,100-200,conservative,balanced,0.6955620155613265,0.23085213951215608,0.07358584492651757,0.5507281658892224,0.2746496454180152,0.6571005682078706,0.06824978637411439
40,100-200,conservative,income,0.14826994628240733,0.6228779299051789,0.2288521238124137,0.6009323730685607,0.3033541695964904,0.5842644363114199,0.11238139409208979
41,<50,aggressive,growth,0.532033008708283,0.4504677378967911,0.017499253394925907,0.29605900263180973,0.6099948913485406,0.31376136659488174,0.07624374205657775
54,50-100,conservative,growth,0.5844924599732477,0.2605009594908334,0.15500658053591881,0.8563630224316144,0.276976680330884,0.630277917875301,0.09274540179381503
52,50-100,aggressive,growth,0.21839856494329374,0.6149650605939774,0.16663637446272886,0.44635083951224375,0.6737443802738841,0.20041036586293245,0.12584525386318354
61,>200,moderate,income,0.4491379969454064,0.4024056433925535,0.14845635966204013,0.5123044795200187,0.4529855575973299,0.39775208069196527,0.14926236171070495
57,50-100,aggressive,income,0.549001181793508,0.23510599549802721,0.2158928227084648,0.670162161698529,0.6350843012557457,0.21219899935499426,0.15271669938926014
39,<50,conservative,income,0.34387913329737096,0.476440326482961,0.179680540219668,0.4337317300685878,0.22756736442596184,0.7104982573102857,0.0619343782637525
44,100-200,conservative,income,0.6770147175806251,0.10605289201681439,0.21693239040256046,0.3779814126922514,0.24324581439210066,0.6520379768431358,0.10471620876476355
52,50-100,aggressive,income,0.6949154511765732,0.2300154308635388,0.07506911795988823,0.6417345752891543,0.5880252136700598,0.25774851717032865,0.15422626915961157
18,>200,aggressive,growth,0.365933689993152,0.38107832069500724,0.25298798931184074,0.21748885759729464,0.6971808453607036,0.15233876408509298,0.1504803905542036
52,50-100,conservative,income,0.45145672238120066,0.5122745562522041,0.03626872136659517,0.7045075784186752,0.27687882088028515,0.64727113718061,0.07585004193910484
54,<50,moderate,income,0.515724576509525,0.3095064017553261,0.17476902173514902,0.5598163589135569,0.4210323676620066,0.4399667247468523,0.1390009075911412
64,>200,moderate,growth,0.4685546536796197,0.45088572985716985,0.08055961646321053,0.624027611364654,0.46454590001408336,0.36326174446600756,0.17219235551990908
31,50-100,aggressive,income,0.26989369678737934,0.706080580592693,0.024025722619927744,0.6423161114728195,0.6507046593608092,0.1731602428799853,0.1761350977592055
20,>200,moderate,growth,0.1639355818729771,0.582064765369703,0.2539996527573199,0.5689351095447945,0.46045346922478597,0.34316048032370544,0.19638605045150861
18,<50,conservative,growth,0.7108036240951213,0.1896116292409913,0.09958474666388745,0.6077736442085152,0.24000560165822032,0.7364557834483508,0.02353861489342886
22,100-200,aggressive,balanced,0.6530855372632806,0.2833802012651742,0.06353426147154508,0.6786517406229122,0.6592050589061225,0.2161711017569533,0.12462383933692422
43,<50,conservative,balanced,0.6760855484505929,0.23407863770844467,0.08983581384096262,0.7271831930257718,0.20607160882474998,0.7517468496514561,0.042181541523793886
31,<50,conservative,balanced,0.673102350717525,0.3044581839042258,0.022439465378249267,0.7092166739002843,0.20747167956468415,0.7592240799023251,0.03330424053299054
56,<50,moderate,balanced,0.28893985924004206,0.6332729155241689,0.07778722523578917,0.8087315204125831,0.39710821234467286,0.5230043687578384,0.0798874188974887
44,<50,aggressive,income,0.556806982054137,0.44010434303940305,0.0030886749064598833,0.33261040321718194,0.5923199212565969,0.26677525562421395,0.14090482311918925
26,100-200,aggressive,balanced,0.6348646276438213,0.24613209013393708,0.11900328222224153,0.48080357864425827,0.6493877877213275,0.1855136712102801,0.16509854106839236
32,100-200,moderate,growth,0.4600777283642677,0.4889091624129649,0.05101310922276743,0.86345724621012,0.4473827970932285,0.42447722517701636,0.12813997772975522
32,>200,conservative,income,0.2523154436898985,0.5724664847149259,0.17521807159517555,0.4776134020704308,0.2828311094161723,0.5952557580420955,0.12191313254173235
43,50-100,conservative,balanced,0.20547195518099587,0.7183738309871731,0.07615421383183094,0.2874090538341459,0.3051501812996099,0.6268388985133458,0.06801092018704438
59,100-200,conservative,growth,0.43354015868192486,0.3523862778136172,0.21407356350445803,0.5678115884535256,0.23807868264105855,0.6508525288643042,0.11106878849463724
30,100-200,conservative,income,0.45369326602232,0.39043629554697157,0.15587043843070833,0.2766436807881235,0.29658953506899016,0.6240535949863717,0.07935686994463806
68,50-100,aggressive,income,0.3045408728109887,0.6037281955958123,0.0917309315931991,0.3419972671095056,0.7034141265986236,0.1903816787740842,0.1062041946272922
49,100-200,aggressive,balanced,0.38582302213776376,0.4047084321473904,0.20946854571484602,0.8988231295996697,0.6493103732878541,0.21454052819355346,0.13614909851859247
56,<50,moderate,income,0.6120538875395546,0.11684593313663447,0.27110017932381103,0.5789538468772923,0.36110047063455086,0.4834411233869119,0.15545840597853722
66,<50,moderate,growth,0.48196246492589034,0.33964682440266186,0.17839071067144768,0.3988408723283003,0.4007014518234288,0.4598317839975489,0.1394667641790223
69,50-100,aggressive,income,0.19831106632180742,0.5965301464102526,0.20515878726793998,0.8963424682017342,0.6221224615491935,0.19718891055338708,0.1806886278974195
49,>200,aggressive,growth,0.4762700835612727,0.4976467100422793,0.02608320639644794,0.8765912429886002,0.6197335382847681,0.20948352620137595,0.170782935513856
21,>200,conservative,income,0.33001824898905985,0.4967047358860353,0.17327701512490484,0.5085173287589845,0.2709232229140176,0.6148889008347534,0.11418787625122893
47,50-100,conservative,balanced,0.5425824463772746,0.3133379025105032,0.14407965111222235,0.38228217615153587,0.29452490592298913,0.6340118188475502,0.07146327522946065
54,50-100,moderate,growth,0.3776175757251846,0.45543992612534306,0.1669424981494723,0.786879746664533,0.463736861081859,0.40391582492804967,0.13234731399009134
40,<50,aggressive,income,0.19086723551553295,0.7101526324644685,0.0989801320199985,0.70093450188025,0.598055915095192,0.2599523036880357,0.1419917812167725
56,>200,moderate,income,0.4825762535153556,0.28868087802038983,0.22874286846425448,0.6808590045024572,0.44965570572239844,0.4073934264745476,0.14295086780305408
62,100-200,aggressive,income,0.440379759371032,0.3614178393365496,0.19820240129241837,0.8251796189257308,0.6070584192946651,0.2340733271689501,0.15886825353638495
32,<50,conservative,growth,0.1845646474861176,0.6972724522528314,0.11816290026105099,0.6825919937099272,0.19681283264653893,0.7478635959059289,0.055323571447532235
60,50-100,moderate,growth,0.5690483768576923,0.40949218580336677,0.021459437338941026,0.3986585601290844,0.3942786665172123,0.44144266625614736,0.1642786672266404
46,>200,moderate,growth,0.2720225327303556,0.6590188943118498,0.06895857295779464,0.6857042133130126,0.43061574843121425,0.371850592664159,0.19753365890462685
53,100-200,aggressive,balanced,0.5657130439397966,0.14800978858208888,0.2862771674781145,0.41406945789856475,0.5882861933696092,0.2399306496356249,0.17178315699476582
30,100-200,conservative,balanced,0.36141769590905526,0.4509749505330936,0.1876073535578511,0.7314672857598965,0.2887644798386655,0.615252616916129,0.09598290324520552
49,<50,moderate,growth,0.5858218084497706,0.22903251712205597,0.18514567442817328,0.6338234981440962,0.3713055622059295,0.5377282897789342,0.09096614801513636
24,>200,conservative,income,0.3662702575851662,0.511028654534032,0.12270108788080179,0.25418808638932544,0.31110040190529714,0.6002036103264381,0.08869598776826469
68,>200,moderate,balanced,0.5611502841197481,0.30161805314934426,0.13723166273090767,0.5589847537045994,0.452252247892795,0.40766153062358723,0.14008622148361777
39,50-100,conservative,growth,0.48219555208900455,0.44495445082900154,0.07284999708199386,0.44031067843701865,0.3079303961062661,0.6363564936049454,0.05571311028878854
45,>200,aggressive,income,0.6356528711907187,0.1999087325527259,0.16443839625655532,0.429999442912606,0.6731432032614185,0.17486918640327836,0.15198761033530306
19,>200,moderate,balanced,0.4794527407777237,0.34702071027806075,0.17352654894421546,0.62157941166408,0.4640848949553411,0.3745921748945355,0.1613229301501234
59,<50,moderate,income,0.5278999511324586,0.2245765919956224,0.24752345687191907,0.42562737712859744,0.3924032295454248,0.45565657224094297,0.15194019821363236
62,>200,conservative,income,0.12310213506331012,0.6017443114677306,0.2751535534689592,0.7438256237434109,0.2647664321754036,0.6134656132641085,0.12176795456048796
23,100-200,conservative,income,0.2864963232856848,0.5002117514923868,0.21329192522192827,0.24955400520782212,0.24901798891809654,0.646917031734904,0.1040649793469995
45,<50,moderate,income,0.47868218067559837,0.44446326643117623,0.07685455289322544,0.6622717766770778,0.38048989425361956,0.4737937443009886,0.14571636144539174
45,<50,aggressive,balanced,0.20745635474713878,0.6373577546094008,0.15518589064346044,0.7664363625597188,0.5818604332129508,0.29287052367434235,0.12526904311270692
61,50-100,conservative,balanced,0.4463861073262219,0.4002036263094745,0.15341026636430363,0.670982182944301,0.28042440494364956,0.6507020670744117,0.06887352798193878
61,>200,conservative,balanced,0.607227982561236,0.1780044913426162,0.21476752609614766,0.548060436513997,0.28015855542653717,0.6090401138523414,0.11080133072112158
37,50-100,conservative,growth,0.2840175543981286,0.6273729266353288,0.08860951896654252,0.8652149096153268,0.2683431339939616,0.6631567280485319,0.06850013795750648
47,100-200,moderate,balanced,0.550969193695927,0.3619567658784385,0.08707404042563449,0.40995694285864454,0.4309643737593986,0.39482161083358297,0.17421401540701845
28,<50,moderate,income,0.4138398839750019,0.5457405459229691,0.040419570102028964,0.21341752126748445,0.36742276620074793,0.5089964934478245,0.1235807403514275
45,<50,moderate,balanced,0.37774355897825596,0.48503528537550683,0.13722115564623738,0.5023925600244086,0.4287663181001176,0.4811134810065537,0.09012020089332852
42,<50,moderate,income,0.3434413581634259,0.45899297629068286,0.19756566554589114,0.22310835513022909,0.3985894139386294,0.5314726516157826,0.06993793444558795
56,100-200,aggressive,growth,0.14761868468169514,0.7413794436310328,0.11100187168727206,0.8677557267684861,0.5789649858067726,0.23615957159623777,0.18487544259698968
50,100-200,aggressive,income,0.5127355032547152,0.46801924121644967,0.019245255528835273,0.34694263202363607,0.6046812354191765,0.2648969040723963,0.13042186050842725
18,50-100,moderate,income,0.5420428958610293,0.3738524983709894,0.08410460576798133,0.7522489167642156,0.47533522292414737,0.39405070049452157,0.13061407658133106
44,50-100,aggressive,income,0.5749322205966785,0.19528612494426356,0.22978165445905793,0.7422004582220554,0.628343469910238,0.23099586679402534,0.14066066329573662
69,50-100,conservative,growth,0.7028270158030231,0.1949332498255904,0.10223973437138646,0.3524102297780535,0.2304587128044103,0.6894289702876725,0.08011231690791726
30,>200,conservative,balanced,0.20731919093971962,0.5382017809819891,0.2544790280782912,0.6348585713361171,0.3084852250576791,0.5801073556564453,0.11140741928587564
58,<50,conservative,balanced,0.4610890502306489,0.38916926802333024,0.1497416817460209,0.23365527794051516,0.23490613213451875,0.7257592724841873,0.03933459538129404
20,<50,moderate,growth,0.35679545037051497,0.30002375140851834,0.34318079822096675,0.5385022099927073,0.4040111779681486,0.5151482236489631,0.0808405983828884
56,50-100,conservative,income,0.6090506875979047,0.35818606989764334,0.03276324250445191,0.21025298909074072,0.3015672665242805,0.6382610211664731,0.06017171230924642
23,<50,aggressive,balanced,0.43086794945866125,0.38513921991243005,0.18399283062890873,0.8448007161265892,0.5895842576810152,0.2607814207009077,0.14963432161807702
25,50-100,moderate,growth,0.4346908425007279,0.4379490052585943,0.12736015224067782,0.8832602169397001,0.44694180534252614,0.4056211022751493,0.14743709238232464
44,>200,aggressive,balanced,0.44449223209415845,0.3818025615961506,0.1737052063096909,0.35559793664700967,0.6300696968588239,0.1777159092148441,0.19221439392633216
26,>200,conservative,growth,0.1706272538600216,0.44690894714369006,0.3824637989962883,0.34567422421746097,0.33164630644093857,0.5671909990212303,0.1011626945378313
54,100-200,conservative,income,0.6326592023080736,0.2990152185454456,0.06832557914648076,0.7276041235934907,0.30735921776435665,0.589653139770309,0.10298764246533444
50,>200,conservative,balanced,0.36891999704192224,0.6123108282729505,0.018769174685127347,0.37736557918053415,0.2771381229375015,0.62861190749997,0.09424996956252855
68,50-100,moderate,growth,0.6277725703868865,0.30665682325802923,0.06557060635508441,0.8265535914132915,0.41427374349375634,0.40205256606391154,0.18367369044233217
59,>200,aggressive,balanced,0.4798101847217749,0.2552914134543283,0.26489840182389685,0.6017503952860875,0.6193588387329376,0.1975442070562281,0.18309695421083422
61,100-200,moderate,balanced,0.6541312498426969,0.2904291900792157,0.055439560078087445,0.4455443361072185,0.4317974403124076,0.40486531702910206,0.1633372426584904
41,<50,moderate,balanced,0.6402502198615252,0.3147232381389753,0.04502654199949965,0.782885622444594,0.4014250852995915,0.487764299115953,0.11081061558445557
32,50-100,conservative,balanced,0.23766734996107214,0.5069666486709029,0.25536600136802484,0.5453846902893766,0.31257546512676476,0.6124625507828787,0.07496198409035658
49,<50,moderate,growth,0.550206402185611,0.43527998015968594,0.014513617654703197,0.8381430395959328,0.4062697595311021,0.5005450684508351,0.09318517201806278
49,100-200,moderate,income,0.6694674484819925,0.29189713412431706,0.03863541739369048,0.8496099657105667,0.43264474344588555,0.4251827610987268,0.14217249545538774
41,100-200,conservative,growth,0.6263171953023975,0.18694699900343065,0.18673580569417184,0.31579410648988654,0.24216744231298706,0.6622533672666933,0.09557919042031966
58,100-200,moderate,growth,0.3641847102540917,0.6117893728958185,0.024025916850089823,0.2016263842923512,0.46273672759551643,0.4066497754025908,0.1306134970018929
69,<50,conservative,growth,0.3053942200512582,0.5514186918387733,0.14318708810996852,0.8887516580996815,0.22818069985887202,0.7386225634324517,0.03319673670867629
66,<50,conservative,income,0.23243858585463487,0.595465588678295,0.17209582546707006,0.8342962752892356,0.21579050793305776,0.7619100385592273,0.02229945350771497
66,<50,conservative,balanced,0.6661777644271853,0.20498175771954982,0.12884047785326477,0.238811664992689,0.22846608112630049,0.7344004149706373,0.03713350390306212
69,<50,conservative,balanced,0.4829971154023657,0.2664947001688086,0.2505081844288257,0.7831239847587489,0.20240000051817736,0.7317100042124567,0.06588999526936591
29,100-200,moderate,balanced,0.19568752833712097,0.6015491127178381,0.20276335894504086,0.5204634527914447,0.44577283385598826,0.3923724358653111,0.16185473027870045
56,100-200,conservative,income,0.37997417510527365,0.47498709739312917,0.14503872750159713,0.38127312351748266,0.26451157548944826,0.6528283635383425,0.08266006097220917
19,50-100,conservative,balanced,0.4041199102751829,0.4565660255434901,0.13931406418132705,0.8151225665738508,0.3060353190524206,0.6143207924804452,0.07964388846713419
20,50-100,moderate,income,0.29028008648607195,0.39635515802637844,0.3133647554875496,0.33766706267321506,0.4485369828893922,0.4144704586376912,0.1369925584729166
66,<50,moderate,balanced,0.3064460388601965,0.4903061400875683,0.2032478210522352,0.8631099995940468,0.3840764681936222,0.4622316276544335,0.15369190415194442
54,>200,aggressive,balanced,0.37259654906814205,0.34053640339124974,0.28686704754060827,0.34393504138953873,0.6495908312899852,0.20317452062900668,0.14723464808100822
66,>200,moderate,growth,0.3709011839593988,0.40819097549462746,0.2209078405459737,0.6295782314101205,0.44217412645254883,0.40534105107781493,0.1524848224696363
34,100-200,moderate,income,0.5297074140360689,0.4349324641224744,0.03536012184145652,0.3561604341702824,0.4241081898994815,0.40816194936966177,0.16772986073085674
66,100-200,aggressive,growth,0.3349429744275082,0.5565030183605786,0.10855400721191327,0.5819680654780444,0.6579648073488655,0.2278613479742979,0.11417384467683643
19,100-200,moderate,growth,0.6304739283424978,0.3536650905029894,0.015860981154512798,0.6787825909405989,0.4645002206174003,0.3698509078518976,0.1656488715307021
19,50-100,moderate,growth,0.4380840527915662,0.3169813295762257,0.24493461763220817,0.33315955157409627,0.47855805877736585,0.4091258307228268,0.11231611049980746
45,50-100,moderate,income,0.39106362648596726,0.4531602622385299,0.15577611127550275,0.5646200478904754,0.40565257047678516,0.4139137969385757,0.18043363258463915
40,100-200,moderate,income,0.5347518126991164,0.2529904668565673,0.2122577204443163,0.5283418210730833,0.4280279133200573,0.4012278034922933,0.1707442831876493
54,100-200,aggressive,balanced,0.6344204050329576,0.24302486682951902,0.1225547281375234,0.24972619498233886,0.6148728879639267,0.20443131991986493,0.18069579211620843
49,100-200,moderate,growth,0.5691625163085438,0.2290225168196871,0.20181496687176914,0.772815472372712,0.45386145440765824,0.4350681407140194,0.11107040487832244
50,>200,moderate,balanced,0.4545042600410306,0.483710323969237,0.061785415989732334,0.4349776804499892,0.5099881818024539,0.3545220834700429,0.13548973472750328
18,50-100,aggressive,growth,0.7583286351111795,0.2408969346802158,0.0007744302086046055,0.6022075382863157,0.637358234910158,0.24310469055112144,0.11953707453872063
36,>200,conservative,income,0.4573112672708014,0.4668381919406411,0.07585054078855757,0.560348964453194,0.2873041080121508,0.6294889318829492,0.08320696010490009
19,>200,aggressive,income,0.4680718261595301,0.379063756797302,0.15286441704316797,0.5592823531993095,0.6878480112838701,0.158554301573462,0.15359768714266797
61,100-200,conservative,income,0.2668854155403927,0.6069536869266201,0.1261608975329872,0.2750556759459412,0.2919072607198859,0.6228375006635842,0.0852552386165299
43,100-200,aggressive,growth,0.20991357538556674,0.5684705779733078,0.2216158466411253,0.49643740647453294,0.6041944136533097,0.2695322258339942,0.12627336051269603
49,<50,aggressive,income,0.3387705335033859,0.6093856393504493,0.05184382714616495,0.5166567314445991,0.6222683886966084,0.28755390599900277,0.09017770530438883
23,<50,moderate,growth,0.6544484828634115,0.19652205725291025,0.1490294598836781,0.713549988255114,0.40510537734972046,0.4436407166968884,0.1512539059533912
49,>200,conservative,balanced,0.6285741256386799,0.20941866291115235,0.1620072114501678,0.7880131823444889,0.31646114696303024,0.5776927321717349,0.10584612086523491
21,50-100,moderate,growth,0.6971983651756865,0.22496673714519658,0.07783489767911694,0.5814875946700125,0.4988691846915166,0.39614684485865254,0.10498397044983082
28,100-200,conservative,balanced,0.403307473539647,0.40622266112736705,0.19046986533298593,0.26074806784549337,0.26850340379246507,0.6284382080522976,0.10305838815523742
34,100-200,aggressive,growth,0.4683802133345095,0.28639359885134497,0.24522618781414546,0.3657946294175824,0.6357477809883627,0.2105771612603665,0.15367505775127083
55,>200,aggressive,balanced,0.21275088649718096,0.45738716854245787,0.32986194496036125,0.31545381879691176,0.6429846956602994,0.16130940658829912,0.19570589775140151
41,<50,conservative,income,0.4742257602331992,0.30714054455185696,0.21863369521494383,0.2872305442323873,0.1822725897037336,0.792493112293877,0.025234298002389403
22,50-100,moderate,balanced,0.369845019754036,0.47214868202425186,0.1580062982217122,0.4561295090324653,0.45184478435097397,0.44817687527454064,0.0999783403744854
69,<50,moderate,income,0.7368955513734627,0.19848478166193004,0.06461966696460725,0.3605754515080674,0.40452779983645365,0.43957933487747436,0.15589286528607202
51,<50,moderate,income,0.4593936313026136,0.1769741608257869,0.3636322078715995,0.3528121782680586,0.3867664550241516,0.47742516664983997,0.1358083783260085
23,<50,moderate,balanced,0.6737053333113867,0.19440033367784385,0.13189433301076947,0.23828522220338738,0.3418428150208964,0.49918394634772806,0.1589732386313756
39,<50,aggressive,growth,0.43712858448114866,0.5057180134290754,0.0571534020897758,0.21236903135680374,0.5647131661592801,0.3504196665759396,0.08486716726478037
28,100-200,aggressive,growth,0.5192171783982362,0.4601530489164023,0.020629772685361456,0.27193776985484724,0.6059470851782012,0.227919539763848,0.16613337505795084
65,100-200,aggressive,growth,0.5029963792665397,0.2692254581105561,0.22777816262290412,0.32053823559654315,0.6207360661792687,0.20456307690794778,0.17470085691278356
33,<50,aggressive,growth,0.6054260057694868,0.1940030219141183,0.2005709723163949,0.5016886101937422,0.5552452331767079,0.30286301334872023,0.1418917534745718
50,50-100,aggressive,growth,0.41241225347440486,0.46843084829974835,0.11915689822584676,0.5573641829091912,0.6369841603839002,0.18939607464560373,0.17361976497049625
26,>200,moderate,income,0.6069491658506003,0.1686031811595761,0.22444765298982358,0.2984143427213559,0.4597012962406454,0.3447889316314762,0.1955097721278785
23,50-100,moderate,growth,0.3621322796338563,0.45107249573526026,0.18679522463088338,0.4973483390669304,0.449578634679306,0.41018168903236346,0.14023967628833067
33,50-100,moderate,income,0.5467304131312231,0.4289055412845894,0.024364045584187446,0.4392241896281491,0.4327875032086096,0.38298998420529573,0.1842225125860947
46,50-100,moderate,income,0.6077868295618036,0.3310070586393151,0.061206111798881344,0.32839655044856925,0.40687410749015074,0.43579017996219616,0.15733571254765313
20,<50,aggressive,income,0.2752762843703764,0.5314668991201834,0.1932568165094402,0.2047885237038545,0.5870066871086101,0.3125914590754046,0.10040185381598525
37,100-200,aggressive,balanced,0.4690908005653585,0.39922880776065406,0.13168039167398746,0.5269125065652192,0.6137426592165197,0.25648163468455765,0.12977570609892272
53,50-100,aggressive,balanced,0.5230876065618765,0.35238049665020404,0.12453189678791941,0.6799562244856395,0.639804099453263,0.20776066075581087,0.15243523979092619
36,<50,conservative,income,0.42370113643375473,0.5543054115033561,0.021993452062889055,0.35839413390066494,0.22331620132834507,0.7519610136381614,0.024722785033493382
43,50-100,moderate,balanced,0.6202367426308378,0.2652058879445257,0.11455736942463646,0.29226478092767555,0.44175266777107414,0.39155514591783996,0.16669218631108595
20,50-100,moderate,growth,0.21668359469373852,0.5595578801768141,0.22375852512944747,0.8209299211128732,0.4627961216322429,0.42377946932963,0.11342440903812713
36,<50,aggressive,growth,0.5324189443495516,0.26820061201450035,0.199380443635948,0.39251734074145844,0.5882350269023481,0.25846475010345465,0.1533002229941973
37,100-200,moderate,income,0.5600745985626724,0.23457240063188692,0.2053530008054406,0.35652883385486533,0.42804655525884333,0.4462971434760853,0.12565630126507132
49,100-200,moderate,growth,0.6409766441224523,0.13793707083029555,0.22108628504725214,0.799967857726941,0.45669923128698753,0.3565356601512462,0.18676510856176626
24,>200,aggressive,income,0.36061367860183163,0.3905416819256359,0.24884463947253255,0.7719749694167328,0.6803123590838358,0.1865989272246452,0.13308871369151903
69,<50,conservative,income,0.4510626675770302,0.3993399340626711,0.14959739836029876,0.5138425293672435,0.2177790850636367,0.7264116259113983,0.055809289024965035
58,>200,conservative,growth,0.41463460469561225,0.5770958472471006,0.008269548057287168,0.5424672029994422,0.33038553982427765,0.5773011685265588,0.09231329164916355
50,>200,conservative,balanced,0.18614568239256335,0.6041206130436887,0.2097337045637479,0.35242409338381536,0.2621883446021028,0.6334231178516486,0.10438853754624852
57,>200,aggressive,growth,0.48094737350794964,0.5097229725450885,0.009329653946961836,0.25481116933569026,0.6693354085696267,0.16077357783232513,0.16989101359804812
56,100-200,moderate,growth,0.4109047689510066,0.41825453010093816,0.1708407009480552,0.6014022777489627,0.44654038143716596,0.44294000514145754,0.11051961342137646
35,<50,aggressive,income,0.7145212060699897,0.1939868102221373,0.09149198370787294,0.2688414451131492,0.5941847073564306,0.3260861436426042,0.0797291490009653
57,>200,aggressive,income,0.44441320307437626,0.38825320911686567,0.16733358780875798,0.5144921828696548,0.6365731699722299,0.16581747624389537,0.19760935378387467
18,<50,moderate,income,0.5069763608714766,0.33029158357280664,0.16273205555571685,0.8583480389591075,0.3868774518751621,0.4688561067534245,0.14426644137141348
28,<50,conservative,income,0.14989623824693,0.5818905279323229,0.2682132338207472,0.866984072419409,0.19690598592409325,0.7344464219171665,0.06864759215874038
45,100-200,conservative,balanced,0.29464705938452357,0.5049137467193472,0.20043919389612908,0.367532600583151,0.26941172407891445,0.6403573407374613,0.0902309351836243
42,>200,aggressive,balanced,0.5077425399638467,0.2972231048420307,0.19503435519412254,0.636879394031958,0.6887138635543641,0.15244071219388075,0.15884542425175507
67,>200,conservative,balanced,0.4418825230122381,0.37733365793868706,0.18078381904907487,0.5318533848755004,0.280713085082873,0.6344600645312712,0.08482685038585575
40,<50,aggressive,income,0.38347716222292844,0.5282289895992376,0.08829384817783388,0.8129795893102741,0.5692574076040121,0.30512768275282454,0.12561490964316335
48,50-100,aggressive,income,0.5559267192638364,0.3274124488766,0.11666083185956375,0.39000160499323727,0.6717358293199985,0.1872886303736789,0.14097554030632262
47,100-200,moderate,income,0.5666206007389776,0.24468454332058248,0.18869485594044008,0.2025916847826918,0.43721654220806155,0.4390504864613729,0.12373297133056559
59,100-200,moderate,balanced,0.5654655305628411,0.3311325314254136,0.10340193801174531,0.31379284415199055,0.43610547265628236,0.3750418152747007,0.18885271206901694
52,100-200,moderate,income,0.6447021438423038,0.10928902134422086,0.24600883481347535,0.4446659608185786,0.39625175149705555,0.4257994058493448,0.17794884265359975
24,100-200,aggressive,growth,0.7029592604157126,0.25641004575146187,0.04063069383282551,0.421004790839342,0.6050303668960888,0.19937738825872214,0.1955922448451891
33,>200,moderate,growth,0.8081846469471474,0.182637902383259,0.009177450669593466,0.7539540433860201,0.492670932671969,0.36693691310381593,0.14039215422421514
43,>200,conservative,income,0.239051061134295,0.47431809824405785,0.2866308406216472,0.6763924662971864,0.25881322932568424,0.6215274819842774,0.11965928869003835
65,50-100,conservative,growth,0.6957545789885498,0.270211797580439,0.03403362343101135,0.4096894237304281,0.2833709430314162,0.6286188849230416,0.08801017204554219
69,100-200,aggressive,growth,0.34838431908903217,0.44117101762022387,0.21044466329074396,0.5204206720163493,0.6078284717976206,0.19958720017873016,0.1925843280236492
66,100-200,aggressive,balanced,0.5019472691652459,0.2947740930652667,0.2032786377694876,0.2668913727708347,0.59585314647803,0.2220386358080786,0.18210821771389138
19,<50,moderate,income,0.43787322253229344,0.520932083424881,0.04119469404282555,0.8287025113740705,0.36391362448619624,0.4690841472164824,0.16700222829732142
18,>200,aggressive,income,0.5892207669643585,0.2803146183907896,0.13046461464485185,0.8547973771139739,0.6160206288632886,0.20969709513672402,0.17428227599998752
65,100-200,aggressive,balanced,0.5377021825422647,0.41015217938561616,0.05214563807211908,0.8858624747666567,0.6086047563538679,0.2084434153582538,0.18295182828787832
29,50-100,conservative,growth,0.19788983842574073,0.6723584897883,0.12975167178595917,0.8079869815500863,0.2621974040843094,0.678124307010607,0.059678288905083685
22,50-100,conservative,growth,0.8257559430996236,0.15513935028883147,0.019104706611544855,0.32177262138735785,0.277464386327518,0.6452330195228113,0.0773025941496707
54,>200,moderate,income,0.5948023540436927,0.3200123439914994,0.08518530196480767,0.2323375382411402,0.450832488575108,0.3592215497873014,0.1899459616375906
49,50-100,aggressive,growth,0.35604440199680143,0.5402893143869654,0.10366628361623316,0.6057177091888718,0.685015571032109,0.18117881708249298,0.13380561188539805
26,50-100,aggressive,balanced,0.6587291217666982,0.18685671826683983,0.1544141599664621,0.8388235188181773,0.6607496738584742,0.17845061160440706,0.16079971453711883
58,>200,conservative,balanced,0.28660541809332446,0.2364669915223787,0.4769275903842968,0.32414595316182,0.32447465268555403,0.572538711533464,0.10298663578098192
52,100-200,aggressive,income,0.49379674322654116,0.2868457400986963,0.21935751667476247,0.2049300402368993,0.6141402396184684,0.25445351068581595,0.13140624969571565
36,100-200,conservative,balanced,0.5437673624544308,0.1881774540193739,0.2680551835261954,0.763847232222571,0.2580590396083332,0.6412842511382743,0.10065670925339269
65,50-100,moderate,balanced,0.3858946299381202,0.452480837396088,0.1616245326657917,0.2537569790007138,0.396900770640612,0.4313893514521394,0.17170987790724856
33,50-100,conservative,income,0.6113054122776499,0.18787886772451,0.2008157199978401,0.48959422233702127,0.2414105793221758,0.6849632602111542,0.07362616046667012
20,100-200,aggressive,balanced,0.38653970220016315,0.5289811229474572,0.08447917485237971,0.6752211360321495,0.6230950168091229,0.19977311480562462,0.17713186838525244
37,>200,moderate,balanced,0.2445415645918825,0.5502088869402777,0.20524954846783988,0.3657583098193261,0.48451046155569405,0.39064720120103846,0.12484233724326742
41,50-100,conservative,balanced,0.33994779022709104,0.4194717440198483,0.2405804657530605,0.2587737944127087,0.2890475515857579,0.6485414718913821,0.062410976522859866
50,<50,conservative,growth,0.568424623019457,0.3594197489816296,0.07215562799891354,0.73901485991908,0.20533060762018487,0.7509789506575433,0.04369044172227188
41,>200,moderate,income,0.21394902293960252,0.5922845410740734,0.1937664359863241,0.641122559420929,0.4648307030168159,0.3855603483031886,0.14960894867999558
69,50-100,moderate,income,0.3389460942956382,0.3173249040941903,0.34372900161017145,0.8919433391407633,0.4857904409595521,0.37659041967824175,0.13761913936220616
28,50-100,conservative,income,0.10828384972621832,0.6190808764825895,0.2726352737911921,0.4410156233239715,0.26199537909871695,0.6798321754777084,0.05817244542357464
66,<50,aggressive,growth,0.12228256874595878,0.6381425282980047,0.2395749029560365,0.2432336704031398,0.6152221016477529,0.2953500988460001,0.08942779950624698
25,<50,conservative,growth,0.5177228554487625,0.4175537166894332,0.06472342786180435,0.714045024734707,0.24211849813949493,0.7179257008933914,0.0399558009671138
53,100-200,moderate,income,0.5339317200295959,0.38073778740175906,0.08533049256864512,0.5652133931972719,0.40560104702803723,0.4138382871356511,0.18056066583631175
55,>200,conservative,growth,0.5784683967498006,0.41119569903257913,0.01033590421762026,0.34924275197239457,0.27758184505001865,0.6089782336782852,0.11343992127169623
57,>200,moderate,income,0.5027421445592251,0.3023608389216455,0.19489701651912944,0.7472102923033316,0.4553391069649529,0.4029673892721112,0.14169350376293605
37,100-200,moderate,growth,0.39005888873965616,0.5966625590918611,0.013278552168482775,0.34262884009496064,0.4622625806980879,0.39317370471111746,0.14456371459079467
52,>200,aggressive,balanced,0.6696063571981041,0.10394419244967508,0.22644945035222086,0.3824631583830556,0.6317564936440887,0.16693755767818474,0.20130594867772658
65,>200,moderate,balanced,0.56227837800459,0.41195879628263693,0.025762825712773104,0.26476998805670343,0.46640022691077493,0.38465263293831614,0.14894714015090887
42,>200,moderate,income,0.5591670558543828,0.36393770197065733,0.07689524217495991,0.4796025953215981,0.4521455082329084,0.4190116621052016,0.12884282966188987
52,>200,aggressive,growth,0.6792760605397846,0.18159196014371337,0.139131979316502,0.4932504567561932,0.6174042828235041,0.2108661575259599,0.17172955965053596
42,>200,moderate,growth,0.6213130879646188,0.16417582564129077,0.21451108639409044,0.5601932532438089,0.5149256567355542,0.33128620285439103,0.15378814041005467
46,<50,aggressive,balanced,0.6672972089801306,0.2449212801932542,0.08778151082661531,0.6962749869866443,0.5633939873351149,0.3075657052269979,0.12904030743788714
35,>200,aggressive,balanced,0.32454554194376684,0.5121831942419957,0.16327126381423748,0.8342706500762981,0.6403128953861853,0.1747687164316614,0.18491838818215336
63,<50,moderate,growth,0.5282163748955535,0.2899359895804261,0.18184763552402036,0.29641386922146606,0.4098072015577562,0.5131391535934908,0.07705364484875299
35,>200,moderate,growth,0.4606916495735743,0.493957503696473,0.04535084672995272,0.23804366884405995,0.4469085313796859,0.398159822602578,0.15493164601773612
19,100-200,conservative,growth,0.6169797358886329,0.35531832182738987,0.027701942283977085,0.2129718635160333,0.25385099186657684,0.6664082135879489,0.07974079454547424
52,50-100,aggressive,growth,0.594015590224228,0.17107051835743045,0.2349138914183416,0.30053496464817137,0.6383152823901633,0.2543838277130591,0.10730088989677747
33,<50,conservative,growth,0.5127134153091947,0.3766634842148031,0.11062310047600203,0.6605646400471381,0.22475708211681023,0.7298306046696961,0.045412313213493684
58,>200,moderate,growth,0.4481525519417653,0.5481444609016248,0.003702987156609864,0.7092339545975477,0.44939754708886614,0.34449339183302796,0.20610906107810587
53,100-200,conservative,income,0.46495875977524775,0.37147767177140784,0.16356356845334435,0.7505539994696855,0.2314537035022615,0.6715046113699149,0.0970416851278237
50,50-100,aggressive,growth,0.5959388466059582,0.13391880652444965,0.27014234686959215,0.3705957483330399,0.5938076860779425,0.2345785755846276,0.17161373833743
21,<50,conservative,balanced,0.3075476830420534,0.5388196868107463,0.15363263014720024,0.41412636928306396,0.19835996180459542,0.7749821742522851,0.02665786394311941
50,50-100,aggressive,income,0.40069848704786143,0.474812611471447,0.12448890148069158,0.5381942518958496,0.6085901257414311,0.20278458832876528,0.18862528592980368
31,100-200,moderate,growth,0.5912880312492041,0.1738067224188364,0.23490524633195936,0.24422816780215856,0.46371630430173244,0.40256771109739115,0.13371598460087647
38,<50,moderate,balanced,0.2408447172366791,0.23871714042645684,0.520438142336864,0.6277990662478723,0.37058842133913766,0.5059954865552985,0.12341609210556397
65,50-100,aggressive,income,0.5018501458435448,0.32749200067488815,0.17065785348156706,0.8886145235730304,0.6175263102034317,0.27187560361163515,0.11059808618493305
37,>200,moderate,balanced,0.4069050570028232,0.3509040183859228,0.24219092461125397,0.4525644179646018,0.46998604117124154,0.3423472232236334,0.1876667356051251
25,<50,moderate,growth,0.37158206918763287,0.4849881349243806,0.1434297958879864,0.7269932325639687,0.4111654072574918,0.4890846211064395,0.09974997163606866
24,50-100,moderate,growth,0.5589851593040017,0.26446781488643606,0.17654702580956233,0.5500237408987255,0.42990923569891104,0.4126421057002896,0.15744865860079946
20,100-200,moderate,growth,0.28227806269029604,0.6584736624944626,0.05924827481524141,0.2894682910522679,0.3980504436709231,0.4081517557972521,0.1937978005318248
34,100-200,aggressive,growth,0.3217275858458233,0.5196226811023802,0.15864973305179653,0.6075662141618104,0.6201330219437233,0.2369365606640191,0.1429304173922575
50,<50,conservative,income,0.45442230309621007,0.2493839369586665,0.29619375994512337,0.4099119879108455,0.18141414282487295,0.7818053696313404,0.036780487543786766
65,50-100,conservative,income,0.6563921839625779,0.1660835643046083,0.17752425173281372,0.22408224591742076,0.32606698785870336,0.6189203922994772,0.05501261984181945
29,<50,moderate,balanced,0.14981592622300732,0.6659403770109117,0.184243696766081,0.6444508110824206,0.40030394747843795,0.4687036116504419,0.1309924408711202
68,<50,conservative,growth,0.49153700504905357,0.37464024548161173,0.1338227494693347,0.8012526445273093,0.20111487522702595,0.7750640220541829,0.02382110271879119
39,50-100,conservative,balanced,0.2557339396711205,0.7005897134564179,0.04367634687246161,0.44133883682991193,0.25693998133593116,0.6536527423674958,0.08940727629657312
39,50-100,moderate,income,0.6726756169456775,0.2251590380124983,0.10216534504182431,0.4732068830489393,0.5054497378601305,0.37970125108850805,0.11484901105136151
63,>200,moderate,growth,0.6252792789766196,0.18109835276681271,0.19362236825656756,0.8237151780770481,0.4472118235676933,0.3557892139843931,0.1969989624479136
47,50-100,conservative,growth,0.7169279538041143,0.17679917488200408,0.1062728713138815,0.7695261693571491,0.24415519815743686,0.6686238425412533,0.0872209593013098
55,100-200,aggressive,income,0.4489324339644027,0.4964913666645689,0.054576199371028304,0.700466976486244,0.5851874491246799,0.2589439015557894,0.1558686493195308
55,<50,moderate,income,0.5033963961357406,0.16808224589591372,0.32852135796834564,0.37415794462720353,0.4053354764072899,0.5016039726505354,0.09306055094217477
62,<50,aggressive,income,0.5673711807903996,0.3670519693222519,0.06557684988734858,0.8371516584766511,0.5385948085341252,0.3141737249179696,0.14723146654790523
68,100-200,conservative,income,0.2326515412924005,0.6559701425943025,0.1113783161132969,0.3080910302774491,0.2984606989388544,0.5905482506274703,0.11099105043367535
25,50-100,moderate,income,0.11415849196871858,0.6154981481406184,0.270343359890663,0.6387393635920553,0.44954431499573033,0.4444624523223089,0.10599323268196081
44,100-200,aggressive,growth,0.21669255220684164,0.4431046898540261,0.3402027579391323,0.2201608263825631,0.6386217574601546,0.23747850541089127,0.12389973712895422
44,100-200,moderate,income,0.4720448871019398,0.28693600230913846,0.24101911058892175,0.6506038644274621,0.4344263242695685,0.39466377050430734,0.17090990522612404
51,>200,conservative,growth,0.2812786838216518,0.4729820066044193,0.24573930957392898,0.3940010463113519,0.2984718549359373,0.5937107699943958,0.10781737506966704
38,100-200,aggressive,growth,0.5139852381862734,0.45265935908658433,0.03335540272714227,0.514773884028604,0.5809442228513177,0.23943199789979255,0.17962377924888967
47,<50,conservative,income,0.6086173387565064,0.2291886203256947,0.16219404091779893,0.44168518643993715,0.2544193307858094,0.7205214156560545,0.02505925355813608
50,100-200,conservative,income,0.3143483851203942,0.5574206539723489,0.12823096090725689,0.32092972937234693,0.2662568029533141,0.6526666083375665,0.08107658870911942
45,<50,moderate,growth,0.36960867562508637,0.44713356230433715,0.18325776207057656,0.6353865530657118,0.4090945255774115,0.457587860724999,0.13331761369758954
64,<50,aggressive,income,0.5026298032316749,0.30136687871754136,0.19600331805078358,0.8173828885984252,0.5958506157010092,0.28429262933213134,0.11985675496685953
50,<50,conservative,income,0.6173708099811894,0.2168849945547418,0.16574419546406877,0.8713589695976823,0.1789128159228349,0.777181437038605,0.04390574703856013
22,50-100,conservative,income,0.5705244886561545,0.31770277646686507,0.1117727348769806,0.3346424542077405,0.2723664125773863,0.6544423491624196,0.07319123826019401
65,>200,aggressive,balanced,0.5023063257183448,0.3967978068788028,0.10089586740285245,0.7021609418440814,0.7000110200228175,0.16131373486307835,0.13867524511410423
36,<50,conservative,growth,0.6866952263175127,0.11100791583337145,0.20229685784911586,0.6650375566239776,0.2507568586061567,0.6896456525259953,0.05959748886784809
21,<50,conservative,balanced,0.14476625825928996,0.6263407620677833,0.22889297967292666,0.44036445270220076,0.25265617465678464,0.7028037650072183,0.044540060335997105
52,50-100,aggressive,income,0.5032743884286159,0.3577293439925692,0.13899626757881484,0.2133694395476081,0.6362012584265405,0.24062348971887268,0.12317525185458691
66,<50,aggressive,balanced,0.6261069575965522,0.23883710790247495,0.1350559345009729,0.6828538731190062,0.5960420360967396,0.30659057580340787,0.09736738809985256
34,100-200,aggressive,income,0.28019551003042104,0.5481522903094791,0.17165219966010004,0.8618464023916501,0.5801213332073003,0.2477009261641177,0.1721777406285821
61,100-200,aggressive,balanced,0.4642778094184592,0.40073024787054323,0.13499194271099765,0.6424840853409559,0.6166023796500959,0.23005636497985704,0.15334125537004714
45,>200,moderate,income,0.35150477225412163,0.22097359374284622,0.42752163400303206,0.5047049069313438,0.4853877345455484,0.35534592264466636,0.15926634280978527
47,<50,aggressive,balanced,0.5348022067180902,0.27106943767746106,0.19412835560444872,0.5676077258781399,0.5881021028707891,0.2845316644938011,0.12736623263540983
46,50-100,moderate,balanced,0.2868061305468618,0.404329111427029,0.3088647580261091,0.3397401653619423,0.4409871624977303,0.3905667809688637,0.16844605653340614
63,100-200,moderate,balanced,0.31217788371322663,0.49669643764513954,0.19112567864163374,0.7253809146276162,0.4553909175587828,0.4068565671766359,0.13775251526458138
23,50-100,moderate,growth,0.41633912810065504,0.4673592860872557,0.11630158581208928,0.7224938810068943,0.4569032264702445,0.4203779981598569,0.12271877536989861
52,50-100,conservative,balanced,0.4653725953179641,0.34500363607343726,0.18962376860859875,0.30186211027119747,0.29171986252317483,0.6397906077391294,0.0684895297376959
58,100-200,moderate,growth,0.3253455276038332,0.4482029101453494,0.2264515622508175,0.8145848677497614,0.39988187475717607,0.43028208156769704,0.1698360436751269
54,50-100,moderate,income,0.3519530195291568,0.44899681740669484,0.1990501630641483,0.3884328176313137,0.44165766406194723,0.38767949757672454,0.17066283836132826
41,100-200,conservative,balanced,0.5064991003957702,0.31127327280433603,0.18222762679989377,0.8875792426556304,0.2634373272031212,0.6367068378974077,0.09985583489947117
46,50-100,conservative,income,0.29765367850255986,0.39583274101819194,0.3065135804792481,0.4680321098260721,0.3041382318623281,0.6086035529175438,0.08725821522012814
66,100-200,conservative,income,0.5033365836878599,0.2888630066680986,0.20780040964404153,0.32451884111414975,0.25768171867041645,0.6720079985345645,0.07031028279501922
63,<50,aggressive,balanced,0.6796294225461835,0.2530677291910616,0.06730284826275493,0.4462040779419566,0.5832207661138283,0.2908865546835527,0.1258926792026191
48,>200,conservative,growth,0.5520457798679099,0.3460157984778317,0.10193842165425844,0.5081262300880351,0.3048372007098371,0.5942191172645112,0.1009436820256518
52,100-200,conservative,balanced,0.48277896021307465,0.14901307319109972,0.36820796659582555,0.24851544112680637,0.2902083655880122,0.6392542617944897,0.07053737261749816
50,100-200,moderate,income,0.4297006988774327,0.43659400019946343,0.13370530092310384,0.6047528668563026,0.4298263564323706,0.4324304819744884,0.1377431615931411
69,>200,conservative,income,0.650641447822041,0.18644276025555098,0.16291579192240796,0.6183427079082302,0.34113858155547905,0.5687077000909978,0.09015371835352316
38,100-200,aggressive,balanced,0.5851918576555711,0.18802500863607083,0.22678313370835793,0.7172513187446306,0.5829480524074545,0.24194637679539865,0.1751055707971469
49,100-200,conservative,growth,0.4504878532339631,0.38477294969896814,0.16473919706706885,0.2204189246035203,0.29337823822853765,0.5983347198602851,0.10828704191117725
40,50-100,aggressive,growth,0.2622636054371656,0.5674861341357573,0.1702502604270771,0.578866750103681,0.6366603291891119,0.21341459324328943,0.14992507756759876
50,>200,conservative,income,0.4197870244541031,0.2371234792287645,0.3430894963171324,0.2370352032894651,0.34502726919444704,0.5596145903512882,0.0953581404542647
20,<50,conservative,income,0.37834017936478664,0.3581659159977746,0.26349390463743877,0.6908009539766574,0.2149358013758651,0.7598394994403973,0.025224699183737608
35,100-200,conservative,growth,0.41094658658035765,0.5428728804323901,0.04618053298725203,0.23900958999068914,0.2550989946994922,0.6651379529015603,0.07976305239894743
42,>200,conservative,balanced,0.2356745604778633,0.49333661782352906,0.27098882169860766,0.8382094938391429,0.3164871771634162,0.5777742800257155,0.10573854281086836
59,50-100,aggressive,income,0.5593164209332102,0.2952665377699721,0.1454170412968178,0.6914577968191475,0.6596984625284367,0.22917563126216345,0.11112590620939991
48,<50,aggressive,growth,0.33169206397500883,0.5623047349343364,0.1060032010906548,0.55517283555961,0.5860117128192008,0.3393389387274019,0.07464934845339724
20,>200,moderate,income,0.5180346826873466,0.219817135235213,0.2621481820774403,0.5090527462968224,0.44961385127415066,0.3698718105261693,0.1805143381996801
57,<50,aggressive,balanced,0.5873919142255934,0.31088653512659403,0.10172155064781253,0.2914708412892837,0.5795371396766509,0.25920795528290375,0.16125490504044535
63,<50,conservative,growth,0.5212629806574252,0.40486663229761705,0.07387038704495762,0.4036995726952642,0.20904298891910011,0.7234350406104064,0.06752197047049341
41,<50,moderate,income,0.28703443716747634,0.49974575788482795,0.21321980494769574,0.8082713735146273,0.35647597702065487,0.4790829965829237,0.16444102639642155
67,100-200,moderate,balanced,0.6983997465817383,0.279288549800109,0.022311703618152812,0.8331169680937457,0.4886432661034789,0.38358490830908487,0.12777182558743627
49,100-200,moderate,income,0.2893170901598456,0.3359110554767389,0.3747718543634156,0.20052339585937176,0.44312002954225116,0.39613845386844754,0.16074151658930141
64,50-100,conservative,balanced,0.5276205656291647,0.25040427425742157,0.22197516011341378,0.6158954740342859,0.2991121429135263,0.6455486023896978,0.055339254696775995
39,50-100,aggressive,balanced,0.6514064894909858,0.12772795626441355,0.2208655542446006,0.7035104263175795,0.6002129246012989,0.22053032140976048,0.1792567539889406
40,>200,conservative,growth,0.338852569350753,0.5555135535854905,0.10563387706375664,0.6331228877203244,0.2734871265121734,0.6207709959578538,0.10574187752997288
19,50-100,moderate,balanced,0.6497940349397908,0.32514732856952505,0.02505863649068404,0.2571758354064478,0.40867630357764473,0.43332325365043867,0.15800044277191672
44,<50,conservative,income,0.5191308714204393,0.4125714673013855,0.06829766127817523,0.35240742915923157,0.22188419676947402,0.751039603071036,0.027076200159489975
59,<50,conservative,balanced,0.34662388293956353,0.5196894542208871,0.13368666283954936,0.3752381871669702,0.24021315892802242,0.7223534399306752,0.03743340114130233
19,100-200,aggressive,balanced,0.19134034446930387,0.7184691491741203,0.09019050635657595,0.7822072419135627,0.5557204690895199,0.25720991658955183,0.18706961432092833
43,<50,aggressive,growth,0.5306393249980164,0.1835843800190701,0.2857762949829136,0.5242396054162444,0.6118117212425933,0.2886240641918846,0.09956421456552215
34,>200,moderate,balanced,0.5054880205846861,0.44779010409503683,0.046721875320276995,0.5407797483588658,0.4327155364071526,0.39278313729914244,0.17450132629370504
57,<50,conservative,balanced,0.4295905952632181,0.27809387612433156,0.2923155286124503,0.854425132588156,0.2458120274222869,0.7284926211006526,0.025695351477060462
50,<50,conservative,income,0.6297820634194936,0.21471797240399842,0.15549996417650794,0.6459601221983008,0.21835938222863668,0.7485716476677324,0.033068970103630954
26,>200,aggressive,growth,0.4267691157093493,0.5066834304972122,0.06654745379343847,0.8290673910868647,0.621472455470081,0.16520671303944243,0.21332083149047654
60,50-100,conservative,growth,0.44353924613809464,0.3458837204305169,0.2105770334313884,0.5195561987390731,0.2618169443245412,0.6501688345081206,0.08801422116733829
65,50-100,conservative,growth,0.23584305510514617,0.5944474827526613,0.16970946214219243,0.304605380962806,0.2743908314442063,0.6618713288293905,0.06373783972640328
56,>200,conservative,balanced,0.5552680782814617,0.39219885773932933,0.05253306397920886,0.8509549158518599,0.3048013163049408,0.6074949380315131,0.08770374566354608
46,100-200,aggressive,growth,0.5027301686723852,0.35535286221482043,0.14191696911279453,0.5210935809672768,0.6368282457497932,0.2277152753352948,0.13545647891491208
59,<50,moderate,balanced,0.3537820973940589,0.38945371711711985,0.2567641854888212,0.3271419953151753,0.4037698202935549,0.43809045805220265,0.15813972165424228
43,>200,moderate,balanced,0.22088801840327263,0.5838156374207147,0.19529634417601272,0.41167701821274555,0.4266180681199389,0.37882600251805,0.1945559293620111
52,<50,conservative,income,0.2622484146203835,0.5612286531826488,0.17652293219696774,0.23556181278225957,0.2289718533847401,0.7272831767233228,0.043744969891937165
67,100-200,moderate,income,0.34721679817533424,0.5389939128760936,0.11378928894857218,0.5278104140194696,0.43026049996109056,0.422034251446598,0.14770524859231127
42,<50,aggressive,income,0.5797729100507938,0.351816700276947,0.06841038967225915,0.7971897203371656,0.5440404594089642,0.32129631908885653,0.1346632215021793
41,>200,aggressive,income,0.1799246695737111,0.7880233162276526,0.03205201419863638,0.8535063192046826,0.6270430375708541,0.17778254694531176,0.19517441548383416
30,<50,moderate,income,0.22819798691154294,0.515100591780317,0.2567014213081401,0.8528215452525506,0.39499104666436535,0.4888889806773578,0.11611997265827687
24,50-100,moderate,balanced,0.3008901852745582,0.4915998734904818,0.20750994123496008,0.2876610179401227,0.4185459062076288,0.4217138965059307,0.1597401972864405
53,100-200,conservative,balanced,0.6138932395180963,0.29541878790205117,0.09068797257985255,0.4674377177577399,0.2655189577820536,0.6459249062837922,0.08855613593415419
62,100-200,moderate,growth,0.5662272993172929,0.2481307108789036,0.18564198980380353,0.21976013175549447,0.4282106631513179,0.4126451159941603,0.15914422085452187
37,100-200,conservative,balanced,0.5768723090575097,0.33408232186455833,0.08904536907793192,0.7986157414800309,0.2723941232926224,0.6142605739711282,0.11334530273624949
18,>200,conservative,balanced,0.41735570037008196,0.4060957825243971,0.1765485171055208,0.45112903341489163,0.30513854990611927,0.5836583215858371,0.11120312850804367
25,100-200,aggressive,income,0.45665846848164493,0.5134561319198745,0.029885399598480578,0.6417819195245643,0.6088301409512775,0.23175124095783403,0.15941861809088848
63,50-100,aggressive,balanced,0.6655190875346588,0.3334274498876617,0.0010534625776792725,0.700428906654102,0.6386797732698294,0.26499963290495443,0.09632059382521628
33,>200,aggressive,income,0.6708316611745907,0.17896601126702816,0.15020232755838103,0.5008912688202087,0.6424076179035201,0.16488572591166392,0.19270665618481597
31,50-100,aggressive,growth,0.3545168060628398,0.42156475303930613,0.22391844089785407,0.4145096355851701,0.6650850597136089,0.2324378016734505,0.10247713861294062
29,<50,moderate,growth,0.31006754577119566,0.5042282954376768,0.18570415879112756,0.8735490370811613,0.35939021311587255,0.4825662866992189,0.15804350018490848
68,<50,aggressive,balanced,0.3255330029059727,0.6461120427924459,0.028354954301581452,0.875141757516698,0.5780310172597113,0.3124758259406649,0.10949315679962382
40,<50,moderate,growth,0.33648029581643824,0.5691368628132729,0.09438284137028875,0.40260545762101535,0.4008150092290707,0.45069295313132546,0.14849203763960375
32,<50,aggressive,balanced,0.48523901170066763,0.4238881722300357,0.09087281606929656,0.5357375677211207,0.5845295635289599,0.2549679630437094,0.1605024734273307
45,50-100,moderate,growth,0.5786320167679269,0.32346858812462354,0.09789939510744967,0.8809909110620157,0.4364809695125763,0.4145011597015159,0.14901787078590767
51,>200,conservative,income,0.285162187376488,0.42132749983969703,0.293510312783815,0.20340788535885226,0.2983851579889268,0.5884623098183227,0.11315253219275048
19,>200,moderate,income,0.6222505599969107,0.3520903494111403,0.025659090591949055,0.48887477386540446,0.440822468672067,0.3713571981909612,0.18782033313697183
49,100-200,moderate,income,0.527964220844542,0.3111191969432237,0.16091658221223432,0.2703202847766779,0.40517317984378876,0.39833369528032325,0.196493124875888
40,50-100,aggressive,income,0.3244373935042482,0.3468402856982705,0.32872232079748137,0.5564105758938218,0.6022424862874595,0.23845682807767796,0.1593006856348626
39,<50,moderate,balanced,0.6270843901773242,0.2385518366323147,0.134363773190361,0.21726896817834102,0.41845351639756767,0.4956918957973693,0.085854587805063
68,50-100,conservative,growth,0.32250775698080836,0.5226799250470736,0.15481231797211797,0.4848289019734395,0.2917318858779869,0.6123265568394495,0.09594155728256358
42,100-200,conservative,balanced,0.5109719573698656,0.28647641444693434,0.2025516281832002,0.3544893523497346,0.2585208889989495,0.6489530141836838,0.09252609681736676
39,100-200,aggressive,income,0.2009272917322815,0.6988440713862044,0.10022863688151418,0.5733158537211186,0.6348755226358537,0.22427443430599772,0.14085004305814863
39,50-100,conservative,balanced,0.23756017198840296,0.5357127855515437,0.22672704246005346,0.8971955543704897,0.3064761046025031,0.6090485615175445,0.08447533387995233
66,50-100,moderate,growth,0.3871488732529698,0.4737846171559719,0.13906650959105823,0.7603752735887234,0.4607154303166422,0.4269253333918279,0.11235923629152987
69,50-100,conservative,balanced,0.5180870892737106,0.32053315247481634,0.1613797582514732,0.791949464137095,0.2893380733354813,0.6445169665681842,0.06614496009633457
59,>200,aggressive,growth,0.4870961354940248,0.39628898534701257,0.11661487915896264,0.6446854911513566,0.6545925099827892,0.2116467141056384,0.13376077591157232
23,<50,moderate,balanced,0.4878939506138794,0.4076143882600363,0.10449166112608423,0.229091893790581,0.43575897929097,0.48686662484375653,0.07737439586527352
32,50-100,aggressive,growth,0.3073799873887416,0.5033053695518153,0.1893146430594432,0.34475837323090086,0.6792442893583888,0.2207886170887568,0.09996709355285444
60,50-100,moderate,growth,0.49707918904159143,0.3475830364490998,0.1553377745093089,0.8475451895129384,0.42426630384584435,0.40138565100017587,0.17434804515397992
54,50-100,conservative,income,0.4151971358191031,0.39356279405316874,0.19124007012772823,0.45627918255012584,0.2597218218156885,0.6731131916291848,0.0671649865551268
50,100-200,aggressive,growth,0.2414096292522172,0.38472897100689246,0.37386139974089033,0.2725457085365569,0.6433140351695749,0.21562721239620797,0.1410587524342172
25,100-200,aggressive,income,0.37492669720916233,0.44419835998006535,0.18087494281077243,0.6916837561063414,0.6194051042720123,0.2390172451825916,0.14157765054539617
61,>200,moderate,income,0.6746011399563386,0.13714518813225643,0.188253671911405,0.40962040675397826,0.4655070979499573,0.3416692930424362,0.19282360900760653
61,<50,aggressive,income,0.6669877795483805,0.21911414261680176,0.11389807783481763,0.38819983903292016,0.5883322871164879,0.3162072745988262,0.09546043828468595
22,>200,moderate,balanced,0.32174199565674627,0.4398239061873903,0.23843409815586353,0.8985842188907822,0.48471661990442433,0.3851513821503509,0.1301319979452248
56,<50,moderate,balanced,0.8313224370591381,0.1555581229865123,0.013119439954349593,0.800697247518658,0.3637398998080555,0.533415030325147,0.1028450698667975
21,100-200,moderate,balanced,0.47138984941756523,0.2742918561917646,0.2543182943906701,0.4855564728574887,0.40109005815897497,0.43303897269952046,0.1658709691415046
23,100-200,moderate,balanced,0.22404439940567583,0.6341114452017831,0.14184415539254094,0.8861828454715494,0.42185130326793496,0.4225217947242434,0.1556269020078217
62,100-200,conservative,growth,0.25095805447371367,0.742375645683979,0.0066662998423074535,0.6550792563934495,0.24293088819854322,0.6846357158778718,0.07243339592358501
49,>200,moderate,growth,0.35886113736871045,0.6012643993692942,0.03987446326199526,0.7194157163158321,0.42889025592604657,0.38466557982265565,0.18644416425129784
69,50-100,aggressive,balanced,0.6385723451041911,0.2493796660272678,0.11204798886854107,0.22205913015754813,0.673562917023798,0.20425580117876108,0.12218128179744094
47,50-100,conservative,growth,0.29507677648329766,0.42638872111998605,0.2785345023967163,0.28512368154364,0.24608235330475717,0.651156443137535,0.1027612035577079
64,100-200,aggressive,growth,0.3160807100011695,0.44926755737319746,0.23465173262563302,0.6431595885473669,0.6144645817694145,0.19384786744324947,0.19168755078733601
52,50-100,conservative,income,0.6934926972755443,0.12123688795404848,0.18527041477040712,0.8293167878546387,0.26029289332083777,0.6697208163829435,0.06998629029621878
57,50-100,moderate,income,0.2989352029455576,0.574833340493928,0.12623145656051443,0.636620608261317,0.4087920042905253,0.42691637051333164,0.164291625196143
69,>200,conservative,income,0.2217650069379268,0.41620674965346005,0.3620282434086132,0.29381742602329425,0.30882009745454303,0.5781803853293247,0.11299951721613222
33,<50,conservative,income,0.24604734838918563,0.6353066709914673,0.11864598061934711,0.28103203237242724,0.18489688828047326,0.7557558404084113,0.059347271311115495
30,100-200,aggressive,growth,0.5882325766737794,0.3119604855497309,0.0998069377764896,0.7909301270768572,0.5777152150898444,0.2633587144752553,0.15892607043490042
67,100-200,aggressive,balanced,0.2390762760198048,0.589383258052514,0.17154046592768107,0.29751163709554,0.566501719072482,0.2467042783743604,0.18679400255315762
59,>200,moderate,growth,0.4525891875469178,0.43105773853532053,0.11635307391776155,0.5641623723528177,0.49938434649933683,0.3606674060583523,0.13994824744231082
47,>200,conservative,growth,0.23710038760657656,0.7538046999836393,0.00909491240978411,0.2259793239736116,0.3013047015585454,0.6068939585450491,0.09180133989640545
36,50-100,conservative,growth,0.21148169310893608,0.6567612370726192,0.13175706981844465,0.2564688371738242,0.2733659484010374,0.6292731455715158,0.09736090602744671
34,100-200,conservative,income,0.6649850173092889,0.3016898386357309,0.03332514405498011,0.6706437873500054,0.2560256798306242,0.650221404884276,0.09375291528509985
36,<50,moderate,income,0.5826324935983637,0.254352905192376,0.1630146012092603,0.6824269872992617,0.40171957587800455,0.4892110928502888,0.10906933127170676
45,>200,moderate,income,0.38838002297693186,0.4976823142994282,0.11393766272363988,0.43902858462590966,0.48965025297269105,0.3816827986923026,0.12866694833500636
43,<50,moderate,balanced,0.4909332997882534,0.32268513442332075,0.18638156578842585,0.35092683567013133,0.3693160351681113,0.5553601160918706,0.07532384874001818
54,<50,moderate,growth,0.3184529859090548,0.43981763740665897,0.24172937668428618,0.7695971895301156,0.4043488251484762,0.5157953825410991,0.07985579231042453
43,100-200,moderate,balanced,0.693295158214452,0.16432308875517052,0.1423817530303775,0.35197226062892323,0.4475687420786989,0.4400395707326479,0.11239168718865325
40,100-200,aggressive,income,0.5164173793455479,0.15575453846483958,0.32782808218961246,0.5794189487664658,0.5957723939407867,0.22506659020588857,0.17916101585332467
26,>200,conservative,balanced,0.3893756198896838,0.44200507905874103,0.16861930105157522,0.8777461886040339,0.28379944905663607,0.62109181372589,0.09510873721747388
29,100-200,conservative,growth,0.5402544099135831,0.32333090929705627,0.1364146807893607,0.30349670650366867,0.3035290792180849,0.5942186825006074,0.10225223828130776
18,100-200,conservative,growth,0.12840950045590602,0.6358779799340953,0.23571251960999878,0.8586133872462962,0.2514472195306227,0.6370719551220057,0.11148082534737169
18,100-200,conservative,income,0.6306693238276455,0.17451637005132026,0.19481430612103434,0.3280251371480681,0.2455305069061761,0.6420977731084968,0.11237171998532718
64,<50,conservative,income,0.25000095969463654,0.5451379386979496,0.20486110160741383,0.5972102456162607,0.19421207458426915,0.7384148061328394,0.06737311928289139
51,>200,conservative,balanced,0.6559342345853594,0.21589545932612014,0.12817030608852056,0.4639053983711212,0.3326420470418147,0.5777819242216226,0.08957602873656274
49,50-100,conservative,income,0.7553262792333116,0.22172889015015648,0.022944830616531915,0.8754500210512781,0.27499100296745954,0.6317838957463977,0.0932251012861428
65,<50,conservative,income,0.6616974918049,0.3319512429124776,0.006351265282622303,0.39147942030135585,0.23053112205876675,0.7478400475943521,0.021628830346881258
42,100-200,aggressive,growth,0.35524098949803967,0.4180340589527834,0.22672495154917682,0.4797606014600275,0.6374039246934897,0.1972081307130279,0.1653879445934824
57,<50,conservative,income,0.5958931664660965,0.28269523315706635,0.12141160037683721,0.8880020824987943,0.21130986233106402,0.7310629700665171,0.05762716760241885
62,100-200,aggressive,income,0.5256063886856973,0.3387730827666299,0.13562052854767276,0.5755292738319312,0.6030017604006047,0.228582591130849,0.16841564846854631
18,100-200,moderate,growth,0.6666846991214501,0.2867516993858352,0.04656360149271471,0.5518410809348774,0.4059269616563791,0.42642344654874387,0.16764959179487707
33,<50,conservative,growth,0.5589605584806642,0.17989766870387047,0.2611417728154653,0.3804449417427939,0.23291963387797862,0.7318125299563973,0.03526783616562408
56,>200,moderate,balanced,0.5379264109558352,0.17306411250984988,0.2890094765343149,0.690954492217309,0.4652527077168785,0.35254290422791057,0.18220438805521094
22,100-200,moderate,income,0.4460932282553222,0.24040317116618728,0.3135036005784905,0.21006106624444437,0.42183735282506196,0.4115243938953485,0.1666382532795896
39,>200,moderate,growth,0.5320919526490563,0.21933575468563415,0.24857229266530964,0.23465884079160548,0.47753528118521693,0.37584072818691266,0.14662399062787052
46,50-100,aggressive,balanced,0.3894079061023836,0.42348151329529726,0.18711058060231917,0.6195510109950618,0.5977030381529143,0.23068497237556382,0.17161198947152184
20,100-200,moderate,balanced,0.2569425629754592,0.38257546002516646,0.3604819769993743,0.4391722016729179,0.4232761406318218,0.39071226205778603,0.1860115973103922
29,>200,moderate,income,0.662777046818744,0.2296372606158227,0.1075856925654333,0.8673214605406724,0.4888877533579867,0.32416221558580033,0.186950031056213
43,>200,moderate,income,0.6048596658782924,0.3015783241054364,0.0935620100162711,0.83223348350595,0.47595555270492895,0.39432386032163613,0.12972058697343491
33,50-100,conservative,balanced,0.4961278703404088,0.3220335469197652,0.18183858273982606,0.6995943810736951,0.28560238266343035,0.6165729587179039,0.0978246586186659
68,>200,conservative,growth,0.24976930916291099,0.600873584059464,0.1493571067776251,0.7727019067894609,0.292013623311691,0.6124449481451988,0.0955414285431102
54,>200,aggressive,balanced,0.5038412342733054,0.3911174840928905,0.10504128163380398,0.6671322947673853,0.6660100307938733,0.20346493651149358,0.13052503269463317
39,50-100,aggressive,income,0.5302941026285249,0.42709721497134173,0.04260868240013341,0.28790747189711247,0.6096920529580038,0.21500387495132403,0.17530407209067217
46,100-200,conservative,growth,0.5756831330085532,0.3917755993388111,0.03254126765263564,0.7358803587824418,0.24930073677830442,0.6574092428628928,0.09329002035880286
31,>200,aggressive,growth,0.41144036371350184,0.3951846122236046,0.19337502406289356,0.3471343781031925,0.6242440993319872,0.1718950364859048,0.203860864182108
45,>200,conservative,balanced,0.34303028525504037,0.46044335427342786,0.1965263604715318,0.4264099985701377,0.3396624047644581,0.5755303446422315,0.08480725059331043
22,>200,moderate,income,0.6721696392677148,0.22998369479962524,0.09784666593265992,0.7734639484716941,0.4294915760721187,0.392698331558954,0.17781009236892736
64,<50,moderate,balanced,0.6147464711238164,0.30685889315899334,0.07839463571719012,0.5755679258754137,0.39231675956713596,0.4769359834103994,0.13074725702246462
66,50-100,aggressive,balanced,0.25184643093807607,0.4676506196995153,0.28050294936240855,0.8019584999283864,0.6393418389089294,0.1940916896464138,0.16656647144465683
47,<50,conservative,balanced,0.27966595180444037,0.5667602043162555,0.153573843879304,0.3491247238902849,0.19550517949433716,0.7764411398951375,0.028053680610525343
63,50-100,conservative,growth,0.606067028129574,0.3440652076870054,0.049867764183420545,0.625444907024821,0.27619530648184465,0.6408313819829237,0.08297331153523171
69,100-200,aggressive,growth,0.4663740605303864,0.36234463645527426,0.17128130301433947,0.25865368078378315,0.5964131665552674,0.2337694709239282,0.16981736252080432
22,100-200,conservative,income,0.7026326396735212,0.2748075972999576,0.022559763026521313,0.6501426954780207,0.28873044346915366,0.61020435994556,0.10106519658528629
29,>200,moderate,income,0.5444668456651213,0.3477407841227418,0.10779237021213697,0.7337738264428743,0.4655443156359695,0.3976315722547916,0.13682411210923887
33,50-100,aggressive,balanced,0.41864891003907906,0.26863214055394385,0.3127189494069771,0.6094516257851051,0.6029335618689987,0.21476185400664866,0.1823045841243527
43,100-200,aggressive,balanced,0.42881274413126746,0.4063800235703674,0.1648072322983652,0.38636205104916715,0.6620425074424674,0.20941125449635134,0.12854623806118134
43,50-100,conservative,balanced,0.21462385938433462,0.5545165480189455,0.23085959259671976,0.2219398682012067,0.2512866979990098,0.6471551924618268,0.10155810953916335
65,100-200,aggressive,income,0.14472352328866292,0.5731427946579952,0.28213368205334177,0.28361421877500004,0.5824330550519631,0.23990226109743418,0.17766468385060277
38,<50,conservative,growth,0.4091989902516365,0.3314541651101768,0.25934684463818675,0.6356120853518183,0.19776751990310593,0.7440084792502534,0.058224000846640665
56,100-200,conservative,growth,0.27482712759087513,0.6832064693661763,0.04196640304294842,0.8540941517897596,0.27827609061346265,0.622376414585887,0.09934749480065039
53,<50,conservative,balanced,0.5723073524712111,0.3655251917642666,0.06216745576452224,0.34457408278040447,0.22289131158956763,0.7337541325211633,0.04335455588926913
50,100-200,conservative,balanced,0.4944085873686878,0.4492749881061822,0.05631642452513002,0.7145183043735691,0.2528650193110326,0.6377205338078892,0.10941444688107824
47,>200,conservative,balanced,0.46472378037051276,0.3553241364824387,0.17995208314704858,0.806515744274329,0.3169644219598079,0.5809777117408713,0.10205786629932077
54,<50,aggressive,balanced,0.5756406862459726,0.24358894144174698,0.1807703723122804,0.5646175249132577,0.5691375363644174,0.30079360430234514,0.1300688593332374
40,100-200,moderate,income,0.4932892588645613,0.27039362281306095,0.23631711832237773,0.6684860570905604,0.42909485654549767,0.4307320484527801,0.14017309500172204
27,>200,moderate,growth,0.41515946437889834,0.2634999344595281,0.3213406011615736,0.7705107216733037,0.4471195116644206,0.36215360865649354,0.19072687967908597
22,<50,aggressive,balanced,0.43947136085030086,0.20983226073177272,0.35069637841792634,0.3824726104184155,0.6030215502871035,0.3126910913131057,0.0842873583997908
53,>200,aggressive,income,0.18262568131845486,0.5624094452159649,0.25496487346558033,0.40782697198763007,0.6500350243929165,0.20579527726330826,0.14416969834377533
51,50-100,moderate,balanced,0.31743311947214586,0.5950930113185922,0.08747386920926187,0.20043926163991932,0.41524878471884463,0.4562205158385441,0.12853069944261122
69,50-100,moderate,balanced,0.4676097080794481,0.4676371031530781,0.06475318876747385,0.8741658916284617,0.4727585761435599,0.4142097163931895,0.11303170746325054
48,<50,moderate,growth,0.2766135099394771,0.3394568698809823,0.3839296201795408,0.8422814262174413,0.3993558758026844,0.47895152117297257,0.12169260302434301
27,100-200,moderate,balanced,0.33440857605525537,0.5862198864257042,0.0793715375190403,0.7351977846316012,0.4420014424469465,0.4152499873776883,0.14274857017536519
36,<50,moderate,growth,0.6575118749888852,0.29265735728280196,0.04983076772831303,0.2553532146836537,0.38152117941616587,0.5291675189536289,0.08931130163020506
49,>200,conservative,growth,0.7329894478243058,0.11838346102979486,0.14862709114589945,0.5132520227896556,0.26741922765467163,0.6169033993837643,0.11567737296156416
18,100-200,aggressive,growth,0.4672882899624168,0.3553441951583055,0.1773675148792777,0.27132422778008697,0.6155882115021548,0.2002663551959183,0.18414543330192687
22,50-100,conservative,income,0.5760298447600929,0.3954110070906818,0.028559148149225364,0.21114418708395905,0.28990746863982864,0.6303779863186135,0.07971454504155792
62,100-200,moderate,income,0.31918463847575673,0.2626477705298326,0.41816759099441053,0.6313280756488181,0.45831635027596385,0.3996012071089464,0.14208244261508982
21,50-100,moderate,growth,0.6395771767204698,0.11963177407419708,0.24079104920533326,0.8725805919561319,0.4498087051743674,0.39733118721990673,0.15286010760572588
33,100-200,moderate,balanced,0.43655261150776925,0.4662293762759178,0.09721801221631299,0.8320076164025051,0.45062349606970953,0.3973970133561281,0.15197949057416227
41,100-200,conservative,growth,0.7938864751617422,0.1799036537915011,0.026209871046756532,0.6877283704547831,0.2459855692831736,0.655766794264348,0.0982476364524784
33,100-200,conservative,balanced,0.6543119636871246,0.30248510126635175,0.04320293504652357,0.26764840891541003,0.2812760706559365,0.6347503348617786,0.08397359448228503
19,>200,moderate,growth,0.34760339247849514,0.4272634224901491,0.2251331850313558,0.3919148263706101,0.4770254832604866,0.3751316259818178,0.14784289075769558
66,>200,conservative,balanced,0.6640671183278398,0.1490805509307105,0.1868523307414498,0.42403970881970365,0.278830546031887,0.5957406065295293,0.1254288474385838
45,<50,conservative,income,0.6111937763766365,0.1663043665776698,0.22250185704569364,0.7342050404218928,0.19413558411097256,0.7384211352457478,0.06744328064327965
49,<50,moderate,balanced,0.18190243801963524,0.5237746208126114,0.29432294116775337,0.7615744254645799,0.39180751235772976,0.5309640286771686,0.07722845896510155
44,50-100,conservative,growth,0.4112490137174902,0.5518625505363791,0.03688843574613083,0.46957428609294427,0.3064295956474913,0.6361769189671153,0.05739348538539363
37,>200,aggressive,income,0.640162458284629,0.33009470566033533,0.029742836055035773,0.49251879763232675,0.6189512269005949,0.18603338902595365,0.1950153840734514
41,50-100,aggressive,balanced,0.1976262083587272,0.5540687270139659,0.2483050646273069,0.23115632749331994,0.5951547506405384,0.24183446216989463,0.16301078718956705
29,<50,aggressive,balanced,0.39314747182021637,0.5620156785688702,0.04483684961091353,0.4023957028931327,0.5663217849269596,0.32201824549040886,0.11165996958263143
67,50-100,aggressive,balanced,0.5435941743230958,0.3882095161630705,0.06819630951383378,0.515899624024348,0.6177010276407886,0.20924158052511035,0.1730573918341011
52,<50,moderate,balanced,0.49099376637914993,0.3622006946462273,0.14680553897462273,0.2818881324696803,0.4363156967818927,0.4841129197932249,0.07957138342488246
50,>200,moderate,balanced,0.382906918882044,0.6048768910039798,0.012216190113976236,0.5172872225285149,0.41663303684655995,0.39211271551948623,0.19125424763395385
50,100-200,moderate,income,0.48178311307743016,0.44735769663094715,0.0708591902916228,0.7972230685804602,0.43918301840780666,0.4061381454966081,0.15467883609558533
68,>200,aggressive,income,0.2811495010616646,0.5773358999928055,0.14151459894552992,0.6069247138075373,0.6326315125869356,0.21411167024785033,0.1532568171652141
60,50-100,aggressive,income,0.48917612006760675,0.42234168160997093,0.08848219832242228,0.25525089852688865,0.670328482672859,0.17841287692987978,0.15125864039726108
54,50-100,conservative,income,0.22339130863340773,0.7164149832200991,0.06019370814649316,0.33416992318119204,0.2539808828636015,0.6466237835943877,0.0993953335420109
29,>200,conservative,growth,0.611702123860188,0.13326096236658402,0.2550369137732279,0.5321810451109894,0.29249796385760707,0.6192810987487608,0.08822093739363211
20,>200,aggressive,income,0.43419422760597215,0.33642076527172937,0.22938500712229842,0.45304100487526844,0.6804584619246057,0.17491565557063682,0.1446258825047575
18,<50,aggressive,balanced,0.6420488629377541,0.27771624713398213,0.08023488992826373,0.45110891368226913,0.5985573270302482,0.289939164279227,0.11150350869052471
50,50-100,aggressive,balanced,0.5691984281267845,0.18658759346604084,0.24421397840717474,0.5704872137005131,0.6222766137459205,0.23311386613439,0.14460952011968956
57,50-100,aggressive,income,0.6376959304043077,0.21013557235925814,0.15216849723643402,0.6090771451126201,0.6525351886929459,0.24034343110429235,0.10712138020276178
27,>200,conservative,balanced,0.4870167450652466,0.38596952969231185,0.12701372524244156,0.7578030991933338,0.3326814981733857,0.570721609063483,0.09659689276313133
60,100-200,aggressive,income,0.2303025532782216,0.47510706754356274,0.2945903791782157,0.43867659442373924,0.6194934415581855,0.2528575970803742,0.12764896136144016
61,50-100,conservative,balanced,0.5199293958098755,0.2537010050864867,0.2263695991036378,0.7638263981284107,0.2802159396425377,0.6523041338261617,0.06747992653130058
46,100-200,aggressive,growth,0.26104900193618896,0.452969401497846,0.28598159656596506,0.4370278603788428,0.6223448777899306,0.2096387712865596,0.1680163509235097
30,>200,aggressive,growth,0.6315053303253261,0.33382863138117685,0.03466603829349717,0.2388030922588637,0.6580341382079243,0.19634550474525694,0.14562035704681875
29,>200,aggressive,income,0.38323246394458543,0.5625470518036875,0.05422048425172712,0.5879313557033538,0.6629549094983416,0.19717859934288076,0.13986649115877764
48,<50,conservative,income,0.3457549673253178,0.42329951112785535,0.23094552154682685,0.6115316274263701,0.24345648738691525,0.7285776981453745,0.027965814467710223
63,50-100,conservative,income,0.4615382361016531,0.44698855006644084,0.09147321383190606,0.8541781719353021,0.28081801747635216,0.6655046273974544,0.05367735512619343
19,100-200,moderate,balanced,0.3887901304674087,0.5313805968750476,0.07982927265754379,0.708242928243732,0.4207169071559941,0.42718907887820273,0.15209401396580322
68,<50,aggressive,income,0.1950141981672085,0.5471960879074115,0.25778971392538014,0.8424408567461076,0.595908943152709,0.2840995914416612,0.11999146540562965
67,50-100,moderate,growth,0.4255450462977265,0.3553590277963718,0.2190959259059017,0.8358430471701067,0.41489103792677234,0.3902481116456002,0.19486085042762746
52,<50,moderate,balanced,0.581414621918481,0.14463231834455123,0.2739530597369678,0.6232018771807695,0.39606060089780887,0.48050255968899674,0.12343683941319437
40,>200,conservative,income,0.6172504819906802,0.28401609966878616,0.09873341834053362,0.5694334457355132,0.2988667284233669,0.5863902369897008,0.11474303458693219
34,50-100,conservative,balanced,0.4674316441087705,0.201786986475196,0.33078136941603353,0.59020867701452,0.30316161550686743,0.6120186146533767,0.08481976983975593
43,<50,moderate,balanced,0.41730396753259463,0.5723341983022483,0.01036183416515719,0.8848315653740734,0.37215954345746666,0.515472091418819,0.11236836512371434
25,<50,aggressive,income,0.6795259066094346,0.296107413819689,0.024366679570876373,0.7412173842228712,0.6372437414773441,0.2754817833787593,0.08727447514389662
46,100-200,conservative,balanced,0.6013737537475116,0.2014265826751947,0.1971996635772938,0.2743861333546771,0.26913799217955453,0.6274062466060814,0.10345576121436408
43,<50,aggressive,growth,0.4379125007969975,0.5457832997536093,0.016304199449393292,0.7448998847469799,0.5580959491127958,0.2816251174054782,0.16027893348172603
27,50-100,aggressive,growth,0.37996517646446876,0.5409755643103449,0.07905925922518639,0.3193766342287581,0.6995420448937911,0.17981969982370827,0.12063825528250066
43,50-100,moderate,balanced,0.2651248742110765,0.5400599757868649,0.19481515000205857,0.513145384303938,0.3971192992941283,0.4504640953980891,0.1524166053077826
51,100-200,moderate,income,0.3315926419733051,0.3375762144335036,0.3308311435931913,0.347321770523574,0.45667885350707577,0.38059721579355105,0.1627239306993732
68,50-100,moderate,balanced,0.5891918614656378,0.26771779588402583,0.14309034265033635,0.6827081458732608,0.4891674474316303,0.39607704056013593,0.11475551200823371
58,>200,moderate,growth,0.3067137323455828,0.5510012093672171,0.14228505828720006,0.8141168153351249,0.44124466829842907,0.43184503568470045,0.12691029601687034
24,50-100,conservative,balanced,0.561714320482719,0.25219602002355657,0.18608965949372455,0.40325331975667666,0.28786644405632666,0.6538312283342906,0.05830232760938271
21,50-100,conservative,balanced,0.6757372606308424,0.1419428406605215,0.18231989870863607,0.2574075188457314,0.23776948422733624,0.6667773486914573,0.09545316708120646
67,<50,moderate,growth,0.2888807243743517,0.43877123933019885,0.27234803629544957,0.40894516865247427,0.3478304375502659,0.5036736787192828,0.14849588373045142
62,<50,conservative,balanced,0.4594887542327625,0.4039727077999428,0.13653853796729473,0.670653300552536,0.18933000817982248,0.7857118197230489,0.024958172097128684
28,50-100,moderate,balanced,0.19528851451853366,0.549036831642866,0.2556746538386003,0.43013208928811497,0.44648146396026134,0.38906484724333795,0.16445368879640077
46,100-200,aggressive,income,0.46054124000161883,0.35707122738509456,0.18238753261328663,0.3946785172876624,0.620546142718641,0.2555668209003001,0.12388703638105894
53,<50,aggressive,income,0.5056576161799544,0.46211011661362933,0.032232267206416046,0.32910463340898544,0.6258345186917352,0.2949534265986174,0.07921205470964747
42,100-200,aggressive,growth,0.5248527548716291,0.36392133257497344,0.11122591255339756,0.5482614988121035,0.6199232290385259,0.19266781417305923,0.18740895678841485
38,50-100,moderate,growth,0.15485555552916963,0.5609388588924233,0.28420558557840697,0.3931641797100313,0.4381319809445004,0.4069846301827359,0.15488338887276376
53,50-100,aggressive,growth,0.6127461168200024,0.2583980185201389,0.1288558646598588,0.7117072443976382,0.6399858024948055,0.2158633963780289,0.14415080112716558
27,>200,conservative,income,0.44171294807358663,0.2068141521242188,0.3514728998021945,0.2536356813945419,0.2908655749913255,0.5983212993169477,0.11081312569172684
54,<50,aggressive,growth,0.5334303767167511,0.3677936325376201,0.09877599074562876,0.6648231231779222,0.5798540648878158,0.2725011621324336,0.14764477297975068
26,50-100,aggressive,growth,0.5416636664988065,0.18989517587639743,0.268441157624796,0.3662920101974389,0.6398665590865704,0.17549910807777436,0.18463433283565528
41,>200,aggressive,growth,0.48062862181747573,0.4428189269695771,0.07655245121294729,0.5424954827361221,0.6457832438120799,0.1675284012826543,0.1866883549052658
52,<50,conservative,income,0.42970141758767033,0.35491270703640154,0.21538587537592824,0.4002629454218824,0.2013560916422046,0.7615616214557959,0.03708228690199954
66,50-100,moderate,balanced,0.51554153583021,0.3870623174575394,0.0973961467122506,0.705938073207557,0.44347215436748516,0.41170580658910344,0.14482203904341134
52,50-100,conservative,growth,0.4860805275498133,0.3168443755817677,0.19707509686841887,0.8617149281761457,0.3233885762545023,0.6075638862292583,0.06904753751623949
65,<50,moderate,balanced,0.6448816809851154,0.18360323116482702,0.1715150878500575,0.8419537456288693,0.40629793427419614,0.5151178596791077,0.07858420604669616
53,<50,moderate,growth,0.3849633920833007,0.17951859276975607,0.43551801514694316,0.6083983506008638,0.3945803551632671,0.5048348892508999,0.10058475558583302
35,<50,aggressive,balanced,0.5074433138651545,0.4250163795846944,0.06754030655015096,0.5238272122798848,0.580261502441865,0.3028935078509084,0.11684498970722666
66,50-100,moderate,income,0.4220986835738668,0.5495165271599293,0.028384789266203886,0.7728103566075673,0.47372533942186723,0.3997293681707825,0.12654529240735019
56,50-100,conservative,income,0.46157942805383445,0.4505844408717288,0.08783613107443682,0.678328453839411,0.3131829830491649,0.604709125815822,0.08210789113501309
49,>200,conservative,growth,0.3640338936382284,0.43120812644748086,0.20475797991429082,0.328494879951853,0.27819663630773733,0.6021946980730212,0.11960866561924151
41,100-200,moderate,balanced,0.46715462625715976,0.3659972389123632,0.16684813483047703,0.7746434495291001,0.40906788021213014,0.41917736990951066,0.17175474987835915
40,<50,aggressive,income,0.20742946573506865,0.657086565352039,0.13548396891289233,0.5002190725762972,0.5774342729273432,0.27103444240295094,0.15153128466970595
49,50-100,aggressive,growth,0.47647946609044944,0.38299388990326866,0.14052664400628187,0.3322899619798226,0.6409405946753652,0.24581613914246922,0.11324326618216557
54,50-100,conservative,growth,0.5840455112147591,0.32866252952674935,0.08729195925849137,0.3972581452775447,0.2612863067813952,0.6346735767668328,0.10404011645177201
29,<50,aggressive,income,0.5025662725697222,0.358970163800165,0.13846356363011283,0.38726892117383965,0.6050929632995217,0.3126531388538342,0.08225389784664411
66,100-200,moderate,income,0.3509369615157192,0.4460736656312702,0.20298937285301055,0.5634448822224221,0.45795148823620857,0.4105058825256254,0.13154262923816606
30,<50,moderate,growth,0.4992219014385819,0.41561653738577115,0.08516156117564697,0.36405906347451283,0.45353025979947115,0.46890423678197113,0.07756550341855772
40,100-200,conservative,balanced,0.5307951978147879,0.3884772117628003,0.08072759042241176,0.28649654118110335,0.24016568334856908,0.6671417755818358,0.09269254106959511
42,50-100,moderate,balanced,0.2569236274563239,0.4490978699868645,0.29397850255681146,0.2865835954296325,0.44650929233670283,0.4533210303748224,0.10016967728847477
52,100-200,conservative,balanced,0.5120399563923821,0.21161967540388252,0.27634036820373536,0.6082933379973676,0.25888863826316383,0.6261517443587825,0.11495961737805355
58,>200,moderate,growth,0.6670836731233551,0.13448964930351226,0.19842667757313262,0.714331502194565,0.46260273601078433,0.36777656203976744,0.16962070194944825
47,50-100,conservative,income,0.5554747958117583,0.29875647553523516,0.1457687286530066,0.4250731061868386,0.2644840085593464,0.6334897393209376,0.10202625211971605
34,>200,aggressive,growth,0.32109546750959367,0.5660000084729947,0.11290452401741166,0.22425549686981197,0.6642319590665056,0.16897764904251558,0.16679039189097894
66,<50,moderate,income,0.42358315799457824,0.45858814339940307,0.11782869860601866,0.2890574208559075,0.39101275561414933,0.47470832889183434,0.13427891549401616
37,<50,moderate,balanced,0.6095813738352167,0.15989371254881413,0.23052491361596913,0.8402861922359399,0.3530331269854097,0.49565177137167005,0.15131510164292034
65,<50,conservative,balanced,0.14664341528786454,0.630097355113341,0.22325922959879457,0.545480561712617,0.210260274626436,0.7301663346806792,0.059573390692884934
42,100-200,conservative,income,0.5115207736035429,0.428174145663694,0.060305080732763146,0.5175009667306223,0.2516354464508364,0.6729963842277503,0.07536816932141316
39,50-100,moderate,income,0.3247681691335582,0.5125442317713668,0.16268759909507507,0.22663442481706364,0.4518703971749986,0.4298007425680514,0.11832886025695001
30,<50,conservative,growth,0.335846975500151,0.5876284047471885,0.0765246197526605,0.7100459156218294,0.2090391661591105,0.7212932317299595,0.06966760211093004
36,<50,moderate,balanced,0.12962217026422973,0.8109431294642719,0.05943470027149844,0.5696476566524552,0.3555855909962115,0.49592798617389905,0.14848642282988947
66,50-100,aggressive,growth,0.21424907325423515,0.7458339490719901,0.03991697767377485,0.34145665526056457,0.6528642153922886,0.19937207316408445,0.1477637114436269
53,<50,conservative,growth,0.5143664773744832,0.39797383305287054,0.08765968957264633,0.27705163212674006,0.18857726557651266,0.76410553790262,0.04731719652086714
29,>200,moderate,growth,0.3228815033398785,0.645618431618051,0.03150006504207057,0.46837150454239895,0.44977028109180617,0.3753888421157677,0.17484087679242616
58,50-100,aggressive,balanced,0.4355831436118514,0.5078792320227576,0.056537624365390914,0.7860133749365179,0.6347071511698021,0.2256972767285187,0.13959557210167917
36,50-100,aggressive,growth,0.3583703159011039,0.40695142927706507,0.234678254821831,0.8057061914407171,0.6528546451520361,0.1670708397144304,0.18007451513353362
29,50-100,moderate,growth,0.4427578367603215,0.5150323625091996,0.042209800730478815,0.6219924662769455,0.4481535044970945,0.4337531311484644,0.11809336435444108
26,>200,conservative,growth,0.5141935633291552,0.46672299366790926,0.019083443002935612,0.7092754990610999,0.3109299244909897,0.5726035214733389,0.11646655403567142
24,50-100,moderate,growth,0.3986186458911151,0.49610841570620656,0.10527293840267826,0.28060905118200924,0.44378281343705156,0.4320918391582469,0.12412534740470149
45,>200,aggressive,growth,0.5113964643776192,0.38713657199075563,0.10146696363162523,0.6116882458274984,0.634577053498759,0.17142357231436078,0.19399937418688012
31,50-100,moderate,growth,0.5038809274740759,0.38785160650558415,0.10826746602034003,0.6668759924410272,0.433809354613069,0.4015303189286285,0.16466032645830242
48,100-200,conservative,balanced,0.6720668082320596,0.27189378425270366,0.05603940751523691,0.34049899003965456,0.2775020505751709,0.6267096302373375,0.09578831918749164
69,<50,aggressive,growth,0.3360486530720665,0.49381025360304337,0.1701410933248902,0.8161083130371812,0.5976842906888366,0.32111992891599456,0.08119578039516889
36,100-200,moderate,income,0.3446010152940721,0.341344309019599,0.31405467568632883,0.3364977162647138,0.42284751798743786,0.41090017230183323,0.16625230971072885
64,<50,conservative,growth,0.619495041761171,0.16818266765095666,0.21232229058787233,0.4194341518925153,0.2271804209828741,0.7258806382788764,0.04693894073824951
33,>200,aggressive,growth,0.4186179893883692,0.4044574486839059,0.1769245619277249,0.634389792916421,0.6497962465065046,0.1707622976540965,0.17944145583939888
22,100-200,conservative,balanced,0.5449742284076732,0.14881457985842697,0.3062111917338997,0.6468450455915116,0.2720369349640778,0.6410604290316456,0.08690263600427657
52,50-100,aggressive,balanced,0.27829587728403543,0.5125176361129394,0.2091864866030252,0.689569318691157,0.6102053634516397,0.23906371114404973,0.15073092540431063
29,<50,moderate,income,0.5510298489488765,0.44676610833497216,0.0022040427161512314,0.278408199147744,0.39847716213042417,0.4803482744411265,0.12117456342844946
42,<50,conservative,income,0.29673781180937603,0.5878772880750438,0.11538490011558031,0.7946251009499887,0.1916502197817752,0.7576036053557584,0.05074617486246645
69,100-200,aggressive,balanced,0.5969974210841709,0.1646912184486035,0.2383113604672257,0.5729929925982818,0.5713326382778474,0.23679138852808965,0.19187597319406294
38,>200,conservative,balanced,0.5881941546763271,0.25894394674500854,0.15286189857866436,0.5299252558735479,0.2538425447485272,0.6316581025063549,0.11449935274511781
53,100-200,conservative,growth,0.2898680039452735,0.6975995702219496,0.012532425832776925,0.8867683371594567,0.28884705423981843,0.6053944505150267,0.10575849524515493
40,>200,moderate,balanced,0.4289422836729936,0.4255288541612399,0.14552886216576638,0.7182648078587138,0.4578156740607982,0.3976361553072846,0.14454817063191727
33,>200,conservative,income,0.3508799293115492,0.39598821499482223,0.2531318556936285,0.28260421863356244,0.2703260386569745,0.6222870671437398,0.10738689419928577
56,<50,aggressive,growth,0.611895348774458,0.34632675447357153,0.04177789675197046,0.7295774170583684,0.5838561231606172,0.25749347067518413,0.1586504061641987
62,100-200,aggressive,income,0.620938600264794,0.24391986383074438,0.1351415359044617,0.2666742537810087,0.5866652372443132,0.24389866984642605,0.16943609290926082
59,100-200,aggressive,growth,0.5027689319995717,0.4559805606895265,0.04125050731090179,0.2192293937590894,0.6488331517576835,0.2374287357339625,0.11373811250835404
56,>200,aggressive,balanced,0.1505112306266454,0.588650117850957,0.26083865152239755,0.482538126688928,0.6949445094721907,0.17083179336117543,0.13422369716663393
31,100-200,moderate,income,0.6475496821339167,0.2714370268156027,0.0810132910504805,0.895504720973453,0.44541832490568967,0.4023342112412012,0.15224746385310906
48,50-100,conservative,growth,0.5090564731505783,0.36646112759305444,0.12448239925636727,0.32241875533640385,0.2676604001520296,0.6471867482183253,0.08515285162964518
22,50-100,moderate,growth,0.44480455645183353,0.3967453198302428,0.15845012371792364,0.670851040468753,0.4498050094821521,0.41272631225907647,0.13746867825877146
52,100-200,conservative,balanced,0.6852270279317099,0.13562474566270996,0.17914822640558026,0.32137724634428355,0.2982798591779766,0.6349758462484568,0.06674429457356656
40,100-200,conservative,balanced,0.5802079254936288,0.24924270847640187,0.1705493660299692,0.7073508824708702,0.27737744890125676,0.621211709982466,0.10141084111627731
46,>200,conservative,balanced,0.4482895740285718,0.43135094292200116,0.12035948304942697,0.5537475677664783,0.30328714927543315,0.5990197657955487,0.09769308492901824
60,50-100,moderate,income,0.6302950240998829,0.250953549818317,0.11875142608179995,0.6759801970625634,0.4619085192003367,0.40610427973103685,0.13198720106862652
28,50-100,conservative,growth,0.3696340958139712,0.28541667206368965,0.3449492321223392,0.34201122313996424,0.24253883298342685,0.663235526394285,0.09422564062228826
35,<50,moderate,balanced,0.5051261033938361,0.45870388896428804,0.036170007641875807,0.7219398327643514,0.36541701117980346,0.5287642678604225,0.10581872095977402
64,>200,aggressive,income,0.3445998175689511,0.55742412914484,0.09797605328620906,0.8969333417358947,0.6161536230785555,0.20720692206789162,0.17663945485355295
29,<50,aggressive,income,0.40658005231610295,0.5367668152101771,0.05665313247371989,0.6659553504381718,0.6532415070149181,0.2674413887545576,0.07931710423052428
26,50-100,conservative,income,0.4337454847458421,0.4268706142140704,0.13938390104008747,0.5454359986510143,0.3013720665364035,0.614356712763149,0.08427122070044757
27,>200,moderate,balanced,0.42062925422758635,0.3498822168133758,0.2294885289590379,0.8462217920334854,0.4850516438641131,0.3733749581104834,0.14157339802540356
61,100-200,aggressive,balanced,0.21367941575346583,0.5212697194742025,0.26505086477233164,0.2110962895623134,0.5867065115215833,0.25086506211075565,0.16242842636766108
34,>200,moderate,growth,0.5243463898987577,0.33762665739262554,0.13802695270861667,0.7109464635000747,0.4533417355018369,0.40413847320577406,0.14251979129238898
55,100-200,moderate,growth,0.4010385112259787,0.5201166066727486,0.07884488210127263,0.822122561769669,0.4272663259187047,0.42114799056399993,0.15158568351729543
24,100-200,conservative,balanced,0.34161757021855116,0.5525114507850681,0.10587097899638066,0.24317220853467023,0.28504545828709427,0.6235412200900661,0.09141332162283972
63,>200,aggressive,income,0.19660476243281652,0.3863192946474964,0.4170759429196871,0.5150449192910307,0.6336226648342964,0.20885475806268994,0.15752257710301373
30,100-200,conservative,income,0.3843110012211426,0.5195387995837689,0.09615019919508849,0.34330361776499924,0.2649004439070211,0.6348231277491854,0.10027642834379354
57,<50,conservative,income,0.30578278762942984,0.39987109723376013,0.29434611513681014,0.596562715911481,0.18828374445977206,0.7354063694875288,0.07630988605269917
59,50-100,aggressive,growth,0.6773453359767755,0.2066947216961786,0.11595994232704583,0.6546800710225623,0.6661055097542176,0.2205146723429202,0.1133798179028623
26,100-200,aggressive,income,0.19558829092923222,0.2690455215438336,0.5353661875269343,0.4118362280501285,0.5986487622969897,0.2131067326080843,0.18824450509492593
67,<50,moderate,growth,0.31252544296754164,0.4838563023294663,0.20361825470299202,0.5219871687746706,0.40178477555535685,0.49412531268520493,0.10408991175943831
44,100-200,aggressive,growth,0.4457378095819658,0.4094839171757657,0.14477827324226852,0.3955376396935916,0.6520287928650993,0.20700702311221655,0.14096418402268407
19,50-100,moderate,income,0.28922922356770114,0.5560783773970307,0.15469239903526813,0.45857381511857964,0.45647383683934956,0.44011689613188953,0.10340926702876092
22,<50,moderate,income,0.7483087449639584,0.247421630248117,0.004269624787924561,0.3116779696818965,0.38433436586984954,0.4849874798849675,0.130678154245183
46,50-100,moderate,balanced,0.7191013500286508,0.15418171533362363,0.12671693463772551,0.819891610509942,0.4379148785961701,0.39705796675219407,0.16502715465163578
54,50-100,aggressive,balanced,0.5115945220966535,0.42743822557346406,0.06096725232988253,0.2070072873913955,0.5936171451482428,0.24792383045652627,0.15845902439523094
55,<50,conservative,income,0.6152065707156994,0.37371011708492374,0.011083312199376763,0.8176864305106519,0.19095037363028344,0.73953187239738,0.0695177539723366
36,<50,moderate,growth,0.5767016055140575,0.27863578385835597,0.1446626106275865,0.600175214844817,0.35569882264592684,0.5297779939639036,0.11452318339016966
25,<50,conservative,growth,0.5724506352660329,0.3255443401157612,0.10200502461820582,0.43216049092391223,0.20769627109564717,0.7456149650323778,0.046688763871975014
65,>200,conservative,growth,0.461391241365292,0.32559654334611327,0.21301221528859463,0.7061399878222308,0.28052920538091775,0.619057120533036,0.1004136740860464
62,<50,aggressive,growth,0.5338917693627875,0.3162886223239638,0.1498196083132486,0.555426506303865,0.5589626874673262,0.3089602558158795,0.13207705671679426
18,<50,conservative,growth,0.13936699200225278,0.8128146357744003,0.04781837222334701,0.5493760606753245,0.23097744378829296,0.7486621015861668,0.020360454625540335
39,<50,conservative,balanced,0.4995728491247498,0.3044674863651123,0.19595966451013788,0.2770995980432765,0.194005413883622,0.7539253127587938,0.0520692733575842
69,<50,aggressive,income,0.4173314639052367,0.5256300768209751,0.05703845927378821,0.4726612181617861,0.5500247561759058,0.3019962838601292,0.14797895996396493
34,100-200,moderate,balanced,0.5186121258930576,0.3392414505087769,0.14214642359816548,0.36874504209971565,0.43031295033010486,0.4030554215461736,0.1666316281237216
24,>200,conservative,growth,0.2876344270122726,0.5610826552661289,0.15128291772159844,0.21098713391739576,0.26679111261071103,0.6180673464794905,0.11514154090979854
42,50-100,aggressive,growth,0.45449105867986384,0.3666383146463561,0.17887062667378012,0.4520697415474793,0.6188177850383393,0.21969153769369615,0.16149067726796462
62,<50,conservative,growth,0.4326188102961304,0.48356087968115014,0.08382031002271947,0.2628754905979233,0.20501759105068174,0.7397020884981392,0.05528032045117902
21,100-200,conservative,growth,0.5540387630884677,0.3457345240767971,0.10022671283473526,0.3797810264076296,0.29835303645266775,0.5957260660235063,0.10592089752382611
53,100-200,moderate,income,0.6056266449403307,0.22636635307969477,0.16800700197997445,0.2647616348281661,0.4355392140232782,0.3909117137712049,0.1735490722055169
23,100-200,conservative,growth,0.27970292539337044,0.648438503238406,0.07185857136822363,0.2706591378894792,0.2931334672664072,0.5953783884446988,0.11148814428889398
48,50-100,aggressive,income,0.550698601470683,0.293773271326818,0.155528127202499,0.3393079060906318,0.6890037983686942,0.20927956172186113,0.10171663990944474
36,<50,conservative,growth,0.40043479744308336,0.4289753153083595,0.17058988724855711,0.8998944711404802,0.2270818921907121,0.7228494861364284,0.05006862167285953
61,>200,moderate,income,0.5440164804289146,0.15592010562874664,0.3000634139423388,0.20152890000007415,0.45924405247966515,0.37923321932728904,0.1615227281930458
56,>200,moderate,balanced,0.3847785632328495,0.6048581853020437,0.010363251465106782,0.6470708452842837,0.5015076144019132,0.37745350606789474,0.12103887953019207
44,100-200,aggressive,growth,0.33533759850465317,0.5829504605630482,0.08171194093229861,0.2988705886185901,0.6519561365023755,0.20870895042811105,0.13933491306951334
27,50-100,moderate,income,0.28634753732200946,0.6120057337772001,0.10164672890079043,0.8444396956975431,0.46256444285919457,0.4286324782506456,0.10880307889015987
43,50-100,conservative,balanced,0.444155475059972,0.39120710341446485,0.16463742152556304,0.26554302533354046,0.2507540646134169,0.6560435114897674,0.09320242389681568
36,50-100,moderate,growth,0.6102053081896536,0.32925062167688457,0.0605440701334619,0.8685442309883655,0.43298435966153465,0.425629608326268,0.14138603201219732
56,>200,aggressive,growth,0.19456514912862297,0.7284823811148244,0.07695246975655261,0.6276484712384346,0.6094304605642447,0.20415260189618148,0.1864169375395739
20,100-200,moderate,growth,0.5639743112317168,0.19859433806934393,0.23743135069893928,0.20088765384084317,0.4364612904006804,0.42702740286060953,0.1365113067387102
62,<50,moderate,income,0.40241205667407115,0.27545016270269934,0.3221377806232295,0.8258050385417642,0.4162101292640238,0.4549687331781681,0.12882113755780814
30,>200,moderate,income,0.5112058592109622,0.47329951766697326,0.015494623122064548,0.5651982609568428,0.4549332142351627,0.35895586113660005,0.1861109246282373
67,100-200,aggressive,balanced,0.5598836311732587,0.3533837136873073,0.08673265513943394,0.38386881473133916,0.6353231464106532,0.2324738694156048,0.13220298417374207
45,100-200,moderate,income,0.647825088147145,0.2426719122286756,0.10950299962417943,0.7370954242609411,0.4265262652345842,0.45923055562934806,0.11424317913606771
37,<50,moderate,income,0.49334961702490565,0.4030159014686345,0.10363448150645978,0.848665887720809,0.4016090261304442,0.4632218689600754,0.13516910490948042
45,<50,conservative,growth,0.4817457538239743,0.30353865984498873,0.21471558633103696,0.5385835762027558,0.1797471312403678,0.7598663943470158,0.06038647441261652
25,<50,aggressive,growth,0.3406978145368189,0.4915436060748574,0.16775857938832378,0.4208874321101776,0.5857516671273186,0.31332314505012,0.10092518782256144
58,50-100,moderate,growth,0.12772308673587757,0.574052325336246,0.29822458792787654,0.7522615867544488,0.445266937469612,0.4146506860476474,0.1400823764827407
56,<50,aggressive,growth,0.2720948554076491,0.5310174946182021,0.1968876499741487,0.6772498484519183,0.5694254944160086,0.296512847843752,0.13406165774023937
18,100-200,moderate,growth,0.3319703463881879,0.5398110628441797,0.12821859076763256,0.8221267386251906,0.4394101234299366,0.3856810025046962,0.17490887406536718
20,<50,moderate,growth,0.40044351380641763,0.39706975252661664,0.20248673366696576,0.6847598089328351,0.417204005227269,0.5156675612062508,0.06712843356648002
30,100-200,moderate,growth,0.7314852768421578,0.16919105536217444,0.0993236677956677,0.3704698372296754,0.41011580888666876,0.46200932119033017,0.12787486992300104
45,>200,conservative,balanced,0.5462853643271747,0.1905764811335649,0.2631381545392604,0.8521614748313133,0.3345400990211558,0.5528901113389185,0.11256978963992571
66,50-100,conservative,balanced,0.5106124739718443,0.3200521442204069,0.1693353818077488,0.27338502304419393,0.28672341703502413,0.6530132608979583,0.06026332206701755
42,>200,conservative,balanced,0.36421157898606454,0.5994302132356072,0.03635820777832819,0.38755992507479353,0.3060510805575641,0.5853551259171057,0.1085937935253303
50,>200,aggressive,balanced,0.5596071310122077,0.37455145562390685,0.06584141336388541,0.5641362254067199,0.6591161754917482,0.18145799985458638,0.15942582465366545
55,100-200,aggressive,growth,0.667589803928351,0.24943750019940836,0.08297269587224071,0.596019418249631,0.5611645656620048,0.2549098885128557,0.18392554582513956
23,>200,conservative,balanced,0.43367525401815177,0.3117209684258242,0.2546037775560241,0.2107174106388338,0.31236129050607825,0.590792212205263,0.09684649728865874
61,100-200,aggressive,growth,0.552642920431161,0.38882763559304906,0.058529443975789866,0.746400908074658,0.629492330652349,0.2353687680978762,0.1351389012497747
62,<50,moderate,balanced,0.34723331233959254,0.5548610200328797,0.0979056676275278,0.4531251228977727,0.3664446207400247,0.4919883375021369,0.14156704175783844
49,<50,moderate,income,0.6123878242887131,0.2459373553260668,0.14167482038521997,0.48449297870149644,0.408276783610606,0.47969075740947714,0.11203245897991684
62,100-200,moderate,balanced,0.27845166199941185,0.559264419507939,0.162283918492649,0.766558681105862,0.42601623795116667,0.42113548156433755,0.1528482804844956
64,<50,conservative,balanced,0.45752887072580745,0.5008513506164562,0.041619778657736264,0.4654983742092812,0.23728691024712822,0.7079428030062825,0.054770286746589236
38,50-100,aggressive,growth,0.5671549552862287,0.16793048049156456,0.2649145642222066,0.2330574135463284,0.6481328471591136,0.2292740417827827,0.12259311105810376
33,>200,conservative,balanced,0.44461035969873147,0.3944046749509168,0.16098496535035167,0.3235078393292452,0.3358177740811631,0.5776531766109786,0.08652904930785836
38,50-100,aggressive,income,0.36789013993523617,0.28784214187277307,0.34426771819199076,0.8691322206717276,0.6565349146527091,0.18723360774428607,0.15623147760300485
28,>200,moderate,growth,0.39123531057776134,0.4634039348117646,0.145360754610474,0.24928375368175992,0.448302677064575,0.38351289343951783,0.16818442949590715
54,<50,conservative,growth,0.4192701991025405,0.5766006009338414,0.0041291999636181844,0.44845184067761135,0.18443694926933593,0.7628203618732979,0.052742688857366264
53,50-100,aggressive,balanced,0.22724033239473684,0.6464186408191642,0.12634102678609904,0.5522254169359412,0.6321562677611552,0.22268537569994024,0.14515835653890463
52,<50,aggressive,growth,0.23666046133810598,0.5358547482859164,0.22748479037597757,0.545296579136992,0.5706704070666861,0.28581365285228716,0.14351594008102664
36,>200,moderate,growth,0.49384074413599366,0.470027018745783,0.036132237118223276,0.20277196010849993,0.4686438579783425,0.34348077279518185,0.18787536922647569
37,100-200,conservative,growth,0.2243699347717523,0.6879995941456274,0.08763047108262034,0.5508139120202432,0.26734744816468653,0.6481495763774946,0.08450297545781889
35,100-200,conservative,growth,0.3131965828853365,0.483581953109534,0.20322146400512953,0.46864072058418643,0.28711863845416963,0.6210534792882628,0.0918278822575677
64,50-100,conservative,growth,0.31794589101223164,0.5969309258939731,0.08512318309379524,0.88045553483219,0.2686761335494009,0.6505480963567439,0.08077577009385531
58,<50,moderate,growth,0.2638341571798033,0.5154767780022227,0.22068906481797407,0.3114113587956809,0.3936194717287621,0.4955140106279623,0.11086651764327558
66,<50,conservative,income,0.4629902372516118,0.5078640091968846,0.029145753551503582,0.4479079377316465,0.26190065327483397,0.6984726643166715,0.03962668240849452
31,50-100,moderate,balanced,0.37353207431166624,0.44787742557467675,0.1785905001136571,0.4936370395628738,0.44223414430490166,0.42565930750229014,0.1321065481928083
32,100-200,moderate,income,0.6454299075164899,0.23013058836130923,0.12443950412220099,0.47348547597066415,0.45136826376776484,0.3663840319651933,0.18224770426704187
48,>200,moderate,growth,0.30132183726377176,0.5249023645457088,0.17377579819051933,0.6660815793563037,0.4531020192105079,0.37857763391516325,0.16832034687432876
18,50-100,aggressive,growth,0.5240522731624327,0.3981256937183577,0.07782203311920947,0.3508590002834382,0.6551714583286761,0.21158405549835585,0.133244486172968
20,>200,conservative,balanced,0.46627687425918957,0.43236319102280124,0.10135993471800914,0.35475008696979426,0.2873384649185885,0.5922631802953866,0.1203983547860249
33,100-200,conservative,income,0.429959313818702,0.377924930948997,0.19211575523230112,0.7104476639505971,0.22739513166964564,0.6621021814379536,0.1105026868924008
40,<50,moderate,balanced,0.47778949800509335,0.3498697365446793,0.17234076545022742,0.5502033630747257,0.38035977775469215,0.4883661964796786,0.13127402576562938
28,100-200,moderate,income,0.5934257624372498,0.3045209268148893,0.10205331074786092,0.49060897324011726,0.39703132308843714,0.4203278587243577,0.1826408181872053
29,50-100,conservative,growth,0.2909535358284984,0.5161146461509712,0.19293181802053022,0.31844213617407624,0.2701266846300273,0.6592683681307281,0.07060494723924468
27,<50,moderate,balanced,0.29439898566720507,0.5131933175452814,0.1924076967875134,0.33126905603851664,0.400010636131123,0.4428115171743924,0.15717784669448462
49,50-100,conservative,balanced,0.5324427273283854,0.3207691927673233,0.14678807990429127,0.2073861457711304,0.30010541586281997,0.6131644816136587,0.08673010252352133
33,50-100,aggressive,growth,0.40801048363735304,0.3634203754652744,0.2285691408973725,0.2639983882031965,0.629813344843677,0.23166521302226972,0.13852144213405332
25,100-200,moderate,balanced,0.2258673637302133,0.6010957698470647,0.17303686642272192,0.5897870862831687,0.466167000388357,0.39068158206500897,0.1431514175466341
55,50-100,conservative,income,0.5098679752475774,0.3946369929294598,0.09549503182296268,0.8243111910058869,0.24509422768342537,0.7009086657588579,0.05399710655771678
29,100-200,moderate,income,0.49184934294637705,0.3180878897867202,0.19006276726690277,0.4010153355913902,0.4239343913012898,0.3862048674489376,0.18986074124977262
41,<50,conservative,income,0.5589066031576257,0.18259629453779222,0.258497102304582,0.4294230581272897,0.18295968663388473,0.7446092458310789,0.07243106753503635
45,100-200,conservative,income,0.6214877889514572,0.16472430823323053,0.21378790281531224,0.28092392742805855,0.27211286020060854,0.6540325452793349,0.07385459452005656
25,<50,moderate,growth,0.48319322432766654,0.1621008971394566,0.3547058785328768,0.47204166192497193,0.3693655573973317,0.48436124709152206,0.1462731955111463
45,100-200,aggressive,balanced,0.5984309835023436,0.3041086357546156,0.09746038074304085,0.22605519319853043,0.6202766339771133,0.2396971649779025,0.14002620104498414
53,>200,conservative,income,0.6993540944336204,0.24979509673653336,0.050850808829846224,0.8423204873833301,0.31341131470650063,0.5892661546025193,0.09732253069098003
43,>200,conservative,growth,0.5033434485838686,0.47114049971507793,0.025516051701053467,0.6711779436871701,0.26875152479165765,0.5979771895122009,0.13327128569614147
25,50-100,conservative,balanced,0.4185366404787854,0.43781678479524033,0.14364657472597434,0.8935241665752531,0.3068714958520494,0.6313943169444564,0.06173418720349414
67,100-200,aggressive,balanced,0.39371550118856663,0.4268187112430191,0.17946578756841422,0.8179762138749456,0.5744417740789824,0.24060436866004895,0.18495385726096858
45,100-200,aggressive,growth,0.5943969938528801,0.34421189725162826,0.0613911088954916,0.5310934155887068,0.6333124656980196,0.23603107845721075,0.13065645584476976
45,<50,moderate,growth,0.5089672198619988,0.4594490209057312,0.03158375923227001,0.5637795218052638,0.37087832131676857,0.4976931403674643,0.13142853831576723
54,50-100,aggressive,income,0.8441939416436937,0.13132601526453602,0.024480043091770286,0.3334032325620357,0.6516329153089496,0.17802304843561154,0.17034403625543892
58,100-200,moderate,balanced,0.4246811273590243,0.3767796625477754,0.1985392100932003,0.5234275399876889,0.4226662609468371,0.39465730835998825,0.18267643069317466
53,50-100,moderate,balanced,0.5541578571212412,0.3719023851260399,0.07393975775271898,0.8321195114449681,0.4424671207765715,0.3968660183273973,0.16066686089603124
44,>200,aggressive,growth,0.5357785658195219,0.3511997594525849,0.11302167472789315,0.2355973965450748,0.6632132470658495,0.14087272227540054,0.19591403065875
34,100-200,moderate,balanced,0.4409436397182281,0.38662124849947643,0.17243511178229554,0.8044897620988167,0.41185967915751437,0.46010579525670564,0.12803452558578
26,100-200,aggressive,income,0.5352669165535036,0.2774944002060806,0.18723868324041593,0.4386634611498268,0.6027425440424529,0.24912100209072832,0.1481364538668188
50,50-100,moderate,balanced,0.31933991702850717,0.43646226318504106,0.2441978197864517,0.8296589355674169,0.4402101609887036,0.40416666225890713,0.15562317675238935
37,100-200,aggressive,growth,0.4536809993645483,0.40685528510145924,0.1394637155339926,0.8586159344390393,0.6123870238657511,0.24177826192749083,0.14583471420675817
30,50-100,aggressive,growth,0.7540351196865546,0.19054835655890837,0.055416523754537046,0.6696054209013341,0.6013170134289574,0.2513042679821955,0.14737871858884719
45,100-200,moderate,income,0.6215796284900676,0.222033474344405,0.15638689716552726,0.6650966506148744,0.4227157822542923,0.4283880228806585,0.14889619486504918
65,<50,conservative,income,0.5816837807757778,0.20604077248426342,0.21227544673995882,0.5169280363961181,0.17881336941417625,0.7706751543199317,0.050511476265892134
46,50-100,moderate,balanced,0.5328936927677647,0.21889035663118547,0.2482159506010498,0.7848781571805952,0.4474951862255111,0.41576451003117193,0.13674030374331697
30,100-200,aggressive,balanced,0.47223537733023724,0.46071230267045976,0.06705231999930292,0.8731289309032982,0.5645166177859067,0.247269131493434,0.18821425072065934
63,>200,conservative,growth,0.8076156927512644,0.18913645607650068,0.0032478511722349,0.7425572602373834,0.29381467884868107,0.6014633655602619,0.10472195559105693
52,100-200,moderate,income,0.27362705243615626,0.7008728992367675,0.025500048327076173,0.6353557136296965,0.38990675750778336,0.4231245314504356,0.18696871104178112
23,>200,moderate,income,0.32596316739537357,0.47974533516214884,0.1942914974424777,0.6247550270749357,0.456690919739003,0.3599172317593303,0.18339184850166673
35,>200,moderate,income,0.4032805299979256,0.2656510379362398,0.33106843206583475,0.7946289311085636,0.4609379481395376,0.34199114542794395,0.1970709064325185
68,<50,conservative,balanced,0.48192602874649204,0.5158867706741707,0.0021872005793372416,0.5788426360399088,0.20412228804983393,0.7584821675944039,0.03739554435576229
22,50-100,aggressive,income,0.637691449278507,0.17127827903355908,0.1910302716879338,0.7627019203741758,0.6687429291397623,0.22824049165273774,0.10301657920749986
64,100-200,moderate,growth,0.5416283930359632,0.37904972487560196,0.07932188208843477,0.556219678621972,0.48879970393021194,0.38967889096679664,0.12152140510299132
42,<50,moderate,growth,0.417490007834071,0.565356520989494,0.017153471176434915,0.2437109924817469,0.41609824045005084,0.49682361652010226,0.08707814302984673
19,100-200,moderate,balanced,0.5467089107749754,0.2850962272135264,0.16819486201149828,0.46876290623290867,0.41042839927538116,0.42409885077200393,0.16547274995261493
27,>200,moderate,balanced,0.35167618169900833,0.40255424857449745,0.2457695697264942,0.5111086703700491,0.4540299806553019,0.4068849059314771,0.1390851134132211
47,50-100,moderate,income,0.47721653023866606,0.39254742201520126,0.13023604774613265,0.29913207149063203,0.43570895905270224,0.3839611348185009,0.18032990612879687
67,100-200,aggressive,balanced,0.5987797109661007,0.17219457914088696,0.22902570989301235,0.271747430432449,0.6069479523817068,0.24486320060382452,0.14818884701446863
62,100-200,aggressive,growth,0.2535540816179691,0.38857196887567336,0.35787394950635765,0.5748254647598678,0.6265753173692676,0.24919821559134128,0.12422646703939119
22,>200,moderate,income,0.5056825501605616,0.43056660284665377,0.0637508469927844,0.2596005455892575,0.5009362849397345,0.3476830641704472,0.15138065088981834
50,100-200,conservative,growth,0.3026958579327278,0.3417841080868035,0.35552003398046866,0.41206161752305875,0.30103062592080065,0.5973411981244962,0.10162817595470314
18,100-200,aggressive,income,0.17529043632369157,0.5662601139199921,0.2584494497563164,0.7212178831741531,0.6154362043912237,0.25677892499476124,0.12778487061401497
35,>200,conservative,balanced,0.37148369775314133,0.43252134013294635,0.1959949621139123,0.8751025256975865,0.31756353184569636,0.5628341613323357,0.119602306821968
49,<50,aggressive,income,0.3215337591264485,0.6448364058229898,0.033629835050561774,0.70250940638635,0.5934899570910297,0.27465313348184855,0.13185690942712183
64,>200,moderate,income,0.753266139129033,0.22958619695721277,0.017147663913754288,0.8948378839170091,0.49322564843365335,0.3591439140257824,0.14763043754056432
66,<50,aggressive,growth,0.7683605151193437,0.22517572983618162,0.006463755044474694,0.6888365798955819,0.5834565873045349,0.279293969768456,0.1372494429270091
28,50-100,moderate,growth,0.41336914389614526,0.5380481212172683,0.04858273488658637,0.40565612945802926,0.4383726909924906,0.4004330990431869,0.1611942099643225
38,<50,aggressive,income,0.584610588880024,0.32306127346172436,0.09232813765825161,0.6704367783537533,0.582746011864923,0.30153812162151444,0.11571586651356251
43,<50,moderate,balanced,0.3151143018138392,0.4718825571370157,0.2130031410491452,0.6915097356378327,0.39540138615699216,0.5311886056098557,0.07341000823315212
42,50-100,moderate,balanced,0.4996258131628258,0.35123630552068513,0.14913788131648917,0.4602088892315224,0.41214664969352754,0.4450556977139701,0.1427976525925025
39,<50,moderate,growth,0.5877990437583593,0.3476122185186813,0.06458873772295937,0.21239969542657233,0.4031565383722153,0.4982727304781077,0.09857073114967697
44,>200,moderate,balanced,0.3102089341178993,0.4902549639751313,0.19953610190696935,0.6922398493428409,0.46115779586968086,0.3681107412890924,0.17073146284122673
66,<50,conservative,growth,0.7003655114420673,0.26868017464256444,0.030954313915368275,0.21519006669287916,0.21850371063392027,0.7466254411925863,0.03487084817349348
30,50-100,moderate,balanced,0.18708789365115763,0.5497354869711392,0.2631766193777033,0.6418316546420498,0.41415706226421967,0.44052310299684216,0.14531983473893817
50,>200,conservative,income,0.41896693246210104,0.4078177668428633,0.17321530069503574,0.31453154211978857,0.2832544682634161,0.6196173324254484,0.09712819931113548
51,50-100,conservative,growth,0.24544811648654263,0.36316264010274524,0.3913892434107121,0.5959224694236304,0.30349625058558893,0.6194376154004679,0.07706613401394308
58,50-100,moderate,growth,0.5106450466268443,0.24174974948130729,0.2476052038918485,0.55273911776642,0.4422887892845149,0.4335695411095213,0.12414166960596389
52,100-200,conservative,income,0.44718441540429343,0.4888169314468054,0.06399865314890134,0.2094595496143278,0.29745657730753117,0.6045370072257749,0.09800641546669399
18,100-200,aggressive,growth,0.4256536030395876,0.4649008579766551,0.10944553898375724,0.45400607189657244,0.5933412695507982,0.26181235617449006,0.14484637427471184
38,50-100,moderate,balanced,0.3809264852712002,0.3322663728138143,0.28680714191498535,0.6207638171774119,0.45001275977462935,0.43379814683705964,0.11618909338831093
65,50-100,conservative,balanced,0.4082951542689238,0.3235320899589863,0.2681727557720898,0.7940245863291459,0.30028264832436,0.6133389143551168,0.08637843732052336
23,50-100,moderate,growth,0.26607383914050314,0.43856640134453195,0.29535975951496474,0.8220494796855621,0.49181130030012626,0.4117553234452365,0.09643337625463719
45,100-200,moderate,balanced,0.30375212020262726,0.4465168128350813,0.24973106696229141,0.5386949790232562,0.4303317530328936,0.3942753797808532,0.1753928671862532
34,100-200,moderate,growth,0.7069983563032871,0.27682596876652815,0.016175674930184764,0.7098957411096067,0.4541770022375873,0.4068746948099426,0.13894830295247024
22,<50,conservative,income,0.27325887638019974,0.5179046205881739,0.20883650303162643,0.42151820357342035,0.21658439958566975,0.7291518488710047,0.05426375154332562
48,<50,aggressive,growth,0.6870965375052925,0.29763705961739095,0.01526640287731657,0.4395304840310602,0.579985086391984,0.29875059510027896,0.12126431850773706
22,50-100,aggressive,income,0.5793727036945655,0.28268619032468223,0.1379411059807522,0.33612446342761965,0.6487485352420457,0.21384332142371443,0.13740814333423995
55,>200,conservative,balanced,0.3313172005841701,0.4236975741921972,0.24498522522363275,0.5933636769952675,0.33634869719447386,0.5689206428163552,0.09473065998917087
20,>200,moderate,income,0.4511591527709573,0.48328183733762686,0.06555900989141575,0.4201949056491557,0.48014708704711445,0.34653514778162725,0.17331776517125824
40,100-200,conservative,balanced,0.24163025343418873,0.5530877101977788,0.2052820363680326,0.25905962750695355,0.24705042614947476,0.6458384195018126,0.1071111543487126
54,100-200,conservative,growth,0.276798813884393,0.5671406112960067,0.1560605748196003,0.6795042606642251,0.28172398555606964,0.6289188290448655,0.08935718539906488
54,100-200,conservative,balanced,0.1200089659881962,0.6242872531085017,0.25570378090330204,0.6954272453237788,0.2879502684422747,0.6139913484835565,0.09805838307416884
27,50-100,moderate,growth,0.5891295348643057,0.12358578273556683,0.2872846824001275,0.4519946931453405,0.4462784884002079,0.38832548319518806,0.16539602840460418
27,>200,conservative,growth,0.31911305714964755,0.5104524274942226,0.17043451535612994,0.253706379619216,0.27174155786175286,0.6042658022919899,0.1239926398462573
36,<50,moderate,income,0.569372921108109,0.22308165429931986,0.20754542459257103,0.4984084021823981,0.4336499096180395,0.496697681087773,0.06965240929418753
34,50-100,conservative,income,0.36238366840636527,0.44566263150411267,0.19195370008952195,0.5096348206351509,0.26990997654278037,0.6283464299643289,0.10174359349289062
38,<50,aggressive,income,0.3696969424389456,0.5042506908768045,0.12605236668424988,0.668069619428525,0.5851033021562341,0.25892130371412747,0.15597539412963854
31,<50,conservative,income,0.566523655767857,0.3010129937346224,0.13246335049752053,0.42079147388107846,0.1814574829080002,0.7817089811467484,0.036833535945251454
26,50-100,conservative,balanced,0.4279734402349067,0.4234788003540894,0.14854775941100387,0.6778194958469138,0.294474649031108,0.6531334283586405,0.052391922610251586
63,<50,aggressive,balanced,0.33887552135650534,0.3312045606426302,0.3299199180008644,0.8100419792301718,0.6325535267659296,0.283247336658646,0.08419913657542435
18,>200,moderate,balanced,0.48989007755567326,0.47178884606530397,0.038321076379022725,0.36624022965353986,0.47669693945280806,0.3420348965314759,0.18126816401571608
68,<50,moderate,growth,0.5644385875034055,0.4145570250696895,0.021004387426905097,0.8852436892839298,0.4053603747998643,0.4422263853282511,0.15241323987188457
62,>200,conservative,balanced,0.5175237606977655,0.43415123028219055,0.04832500902004395,0.47045769599576487,0.2778473594818358,0.5929746950525625,0.12917794546560166
30,>200,aggressive,balanced,0.43671238205879015,0.36117240392441463,0.2021152140167952,0.38708107960294325,0.6369934442178745,0.1487641926326017,0.2142423631495238
21,>200,moderate,balanced,0.572402899221536,0.19109283029106514,0.23650427048739883,0.49505782775720336,0.453452847995229,0.34883857016391107,0.19770858184085988
18,100-200,conservative,income,0.49325770179787876,0.2243264032105856,0.28241589499153563,0.2660782331327014,0.28875430990273576,0.6098326486965571,0.10141304140070712
66,<50,aggressive,balanced,0.4178004880403982,0.3488830875338369,0.23331642442576495,0.28799413455848094,0.591675730537424,0.3247362228648282,0.08358804659774793
57,50-100,moderate,growth,0.4908891985880315,0.3734102374648667,0.1357005639471019,0.490103832877832,0.4297887328382187,0.46094042195252444,0.10927084520925683
49,50-100,moderate,income,0.521938092808275,0.3742721650928641,0.10378974209886103,0.73371116535737,0.43959363945815466,0.43364468463864886,0.1267616759031963
51,<50,aggressive,growth,0.3380553308879239,0.46219159228618767,0.19975307682588847,0.8302185677021436,0.592229825989156,0.3329739770875559,0.07479619692328815
45,100-200,aggressive,balanced,0.4358828637873314,0.4367732329093392,0.12734390330332937,0.6653725935013897,0.5592659641540161,0.25303392471488256,0.18770011113110135
48,100-200,aggressive,income,0.4412071634921104,0.38068386708956575,0.17810896941832377,0.2736536886667188,0.6195127195242224,0.18887409924058896,0.19161318123518875
25,>200,aggressive,growth,0.5316847250552444,0.24204786293092945,0.22626741201382608,0.6704138335263745,0.6633087825187581,0.13703107976750575,0.19966013771373614
56,<50,conservative,balanced,0.5407371120810446,0.31262781877429674,0.14663506914465874,0.6447995444920803,0.18551309564424995,0.7512681348501618,0.06321876950558837
43,<50,aggressive,growth,0.43876805871186925,0.30611156043690557,0.255120380851225,0.7640347428053319,0.5923830496464261,0.3039066251561946,0.10371032519737935
51,50-100,moderate,growth,0.4190262789197985,0.27759438138938103,0.3033793396908206,0.7776740666565266,0.4032067995577982,0.42733381911913393,0.16945938132306784
20,<50,moderate,growth,0.4839826091094626,0.3249434483783476,0.1910739425121898,0.8077421530452852,0.40946189794355164,0.5033195508943108,0.08721855116213754
67,100-200,conservative,balanced,0.7143705478881198,0.27171740161358704,0.013912050498293064,0.48989206020536885,0.29914503746817533,0.6294498337600046,0.07140512877182009
29,<50,moderate,balanced,0.5668845937348014,0.2556799996393659,0.1774354066258328,0.688505076746501,0.37385450721707597,0.5058637771563759,0.1202817156265481
18,50-100,moderate,growth,0.20935140927847767,0.6024904819183942,0.18815810880312817,0.3877752512456175,0.42394133332626777,0.40872289704878795,0.16733576962494423
61,>200,aggressive,income,0.4624419742708643,0.3377486677730938,0.19980935795604185,0.899535395988453,0.6063965851424099,0.21984730740663555,0.1737561074509545
22,50-100,moderate,income,0.6198540197944783,0.3237708164045624,0.05637516380095927,0.32273396896380196,0.4766758136600216,0.3854099571408566,0.13791422919912186
47,50-100,conservative,balanced,0.6574618158675279,0.10097142545831886,0.2415667586741532,0.20708010216258507,0.23656702960417286,0.678560729617962,0.08487224077786516
47,>200,aggressive,balanced,0.5314507796963872,0.21750348442391898,0.2510457358796937,0.3041661001627232,0.624703277997795,0.2334904925759089,0.14180622942629623
34,50-100,aggressive,balanced,0.4738110239054494,0.47209570254247096,0.05409327355207964,0.7431106026808887,0.6722791429505295,0.1771596593208473,0.15056119772862323
65,50-100,conservative,balanced,0.5141427570058212,0.20833747496600086,0.27751976802817796,0.512748573555748,0.2681500805757639,0.6782641961001824,0.05358572332405379
64,<50,aggressive,balanced,0.5738639366007194,0.3933521551788201,0.032783908220460414,0.5132501734672998,0.638221114492254,0.2739759873951891,0.08780289811255688
40,<50,aggressive,income,0.60701174215084,0.3405773681204622,0.05241088972869783,0.8685160437281679,0.5771836430341798,0.2781172344334234,0.14469912253239697
32,>200,conservative,balanced,0.4909936999274962,0.4626601711303177,0.04634612894218615,0.843744435619652,0.2742323164638688,0.6264181595195453,0.09934952401658595
54,<50,aggressive,growth,0.7617962671507186,0.20644752716678036,0.03175620568250106,0.41783631646280645,0.5980008647529306,0.2874359580823317,0.11456317716473761
38,<50,conservative,growth,0.477007766535459,0.366142298170417,0.15684993529412403,0.3463406901466063,0.1755556211708288,0.7792280295274833,0.04521634930168797
31,50-100,conservative,income,0.3960622180012476,0.5864740093030716,0.01746377269568077,0.7939375469536177,0.3137373767640114,0.6236010467803111,0.06266157645567753
19,100-200,moderate,growth,0.42552602121001265,0.5029008055321516,0.07157317325783573,0.8342133497310542,0.41148721228982665,0.4092260216485249,0.17928676606164853
28,<50,moderate,income,0.6111350048027705,0.34867123748357154,0.0401937577136578,0.5791178459589408,0.3975492589008718,0.4499831272446447,0.15246761385448368
68,100-200,aggressive,income,0.44128103495687715,0.4870552978121438,0.07166366723097896,0.6405965977819703,0.6261396108660698,0.20642788197366901,0.1674325071602611
56,<50,aggressive,growth,0.5793125061039965,0.39545568294524175,0.02523181095076172,0.3798399992846054,0.6317713250194934,0.2794991269375508,0.08872954804295587
55,<50,conservative,balanced,0.3292307903367576,0.41457246605211584,0.2561967436111266,0.7605618815849672,0.21963290567890306,0.736176219892915,0.0441908744281819
51,>200,aggressive,growth,0.47711926070696664,0.4822860793040182,0.04059465998901513,0.6424856999143161,0.5927672122978,0.21950237134541223,0.1877304163567876
55,>200,conservative,growth,0.6513705443215496,0.10316448472972274,0.24546497094872768,0.5524594579085976,0.30454684818568056,0.5804699185641897,0.11498323325012959
67,>200,conservative,income,0.49605108735506487,0.21725348412814194,0.2866954285167931,0.24207598925487708,0.3095382469864841,0.5994855717740263,0.09097618123948974
51,100-200,aggressive,growth,0.34926819029563066,0.6458780314688923,0.004853778235476984,0.8411544737578076,0.5933798035172407,0.22284701368167245,0.18377318280108687
35,50-100,conservative,income,0.5200656871938558,0.22961750149730897,0.2503168113088352,0.6308159942690842,0.2665068412244334,0.6469363272000618,0.08655683157550481
47,<50,moderate,balanced,0.5914009567800911,0.40100958588779834,0.007589457332110615,0.3348837662850776,0.38435562219977465,0.46062447290814945,0.15501990489207595
32,<50,aggressive,balanced,0.26354250582588973,0.6050615784133226,0.13139591576078757,0.6244702818881369,0.5830275874403769,0.2569616149525616,0.16001079760706166
44,<50,moderate,balanced,0.5083519842554469,0.4839750074003688,0.007673008344184278,0.6742243479679814,0.36740733383158564,0.4989638057970308,0.1336288603713835
68,100-200,aggressive,growth,0.46647380077829487,0.4639143958833002,0.06961180333840494,0.5680392356782579,0.6028994276990616,0.25006030477479846,0.14704026752614005
51,>200,conservative,income,0.3504044791411561,0.5219125272103745,0.12768299364846947,0.7026712165692157,0.27183516659641177,0.6236990226070485,0.10446581079653983
69,50-100,aggressive,balanced,0.611247996364238,0.2034397023771549,0.1853123012586071,0.607017763550037,0.6339059196101258,0.19413451854323308,0.1719595618466413
55,100-200,moderate,income,0.6717983514738495,0.22351889123697094,0.10468275728917958,0.8634387074225037,0.47210103888449106,0.4078384648476635,0.12006049626784542
50,>200,conservative,income,0.5182797015339814,0.3107437742158713,0.17097652425014734,0.2375879550195148,0.32045602376610477,0.5975821770042345,0.08196179922966063
41,100-200,aggressive,balanced,0.7951232338620845,0.13314031462796996,0.07173645150994558,0.2743719959286924,0.5803384265194936,0.2378787790387654,0.18178279444174109
32,50-100,aggressive,balanced,0.37617490594458125,0.21147696720532067,0.41234812685009803,0.3215701458680379,0.663072995728986,0.1764277855985215,0.16049921867249256
47,>200,aggressive,income,0.33392943513596407,0.5722765793176393,0.09379398554639672,0.6831197494230324,0.6412450857359527,0.23330665923966407,0.12544825502438328
59,100-200,moderate,balanced,0.4826502275470154,0.4684210748681281,0.04892869758485649,0.651917110924866,0.44617900554230366,0.3791779100611136,0.17464308439658277
68,50-100,moderate,income,0.2745950049071966,0.6717759924428774,0.053629002649926025,0.8244412021467858,0.4558608839169557,0.438726903753472,0.10541221232957236
34,<50,aggressive,income,0.5862439198479711,0.3317939923575949,0.0819620877944341,0.7130142170187288,0.5781769644827784,0.3310057861786454,0.09081724933857611
22,50-100,conservative,balanced,0.6385064947024257,0.22541302525125365,0.13608048004632062,0.5558488412952146,0.2712404404400145,0.6436409545442531,0.0851186050157325
46,<50,conservative,growth,0.6162693028889904,0.15303616931117725,0.23069452779983227,0.8942822547245411,0.22719910342711439,0.7077179681897635,0.06508292838312207
21,100-200,moderate,balanced,0.44513100774741615,0.5352204562906214,0.01964853596196262,0.3862755693185094,0.44610773380769586,0.3919346304163595,0.16195763577594477
27,>200,conservative,growth,0.47360879100150655,0.383036745894719,0.14335446310377442,0.7832341618498178,0.2602017474066925,0.6276656978382816,0.11213255475502593
34,>200,moderate,income,0.4509622410925485,0.4125590156716023,0.13647874323584927,0.49875326053574354,0.4871181352356587,0.3528720376302623,0.16000982713407896
27,100-200,aggressive,income,0.3070402032525047,0.49218105889677505,0.20077873785072026,0.6541145972130139,0.6354232199853593,0.17944637564126606,0.18513040437337458
34,>200,moderate,growth,0.33027266059277466,0.5692454254318162,0.10048191397540909,0.7090879293167038,0.47839605209993974,0.3247346839089605,0.19686926399109977
37,>200,moderate,income,0.47628215917075273,0.3838872394247759,0.1398306014044713,0.6436278610332354,0.4991330917920461,0.36924585610762506,0.13162105210032884
41,<50,aggressive,growth,0.5165263533881571,0.25033496274245765,0.23313868386938513,0.2983551121760153,0.5694610255689705,0.3090986872693375,0.121440287161692
22,100-200,conservative,growth,0.38361953280899047,0.42906335198155693,0.1873171152094526,0.510065707523553,0.22602677668016619,0.6648630215604538,0.10911020175937997
51,50-100,moderate,income,0.5367174883134062,0.35283044438878297,0.11045206729781079,0.5930068645531871,0.4541842660190159,0.4005944121324968,0.14522132184848727
23,<50,moderate,growth,0.28804897015629904,0.6435536601439478,0.06839736969975307,0.7943306314250177,0.3914867607015157,0.4642576323962802,0.14425560690220401
19,100-200,aggressive,balanced,0.4570177980051229,0.48527228416116563,0.05770991783371143,0.5105520241590006,0.637357300247342,0.21357093963311186,0.1490717601195462
30,<50,conservative,balanced,0.4361393433524411,0.45017051761681626,0.11369013903074267,0.843123113362976,0.18493563328553875,0.7764267289534353,0.03863763776102601
60,50-100,moderate,income,0.4284811674718531,0.41630947197357987,0.15520936055456702,0.5082619561176475,0.46036799207828843,0.40418889527668234,0.1354431126450293
60,50-100,aggressive,income,0.5678508272635453,0.4048729613254681,0.0272762114109867,0.5841459014841082,0.6300739293423159,0.2429866139452398,0.12693945671244428
65,100-200,moderate,growth,0.49650382580089913,0.3718968924827012,0.13159928171639954,0.7573999780599606,0.47933662709459696,0.4007962393774737,0.11986713352792935
28,50-100,aggressive,growth,0.6674765189075474,0.18200566749847996,0.15051781359397268,0.6081473790955005,0.6394738225909232,0.2176613875999379,0.14286478980913894
68,<50,conservative,growth,0.7223312481641437,0.12986004646063062,0.14780870537522564,0.8721526506679772,0.23991962824608343,0.6982909933006077,0.06178937845330884
64,50-100,conservative,growth,0.4781074885897956,0.37212797774088346,0.14976453366932083,0.6622350813598893,0.2805167317747932,0.6352655149370122,0.08421775328819457
40,<50,conservative,balanced,0.4204236075214504,0.39491109942115166,0.18466529305739782,0.5658966178473207,0.21535801298332063,0.7334617938088053,0.05118019320787406
33,<50,conservative,balanced,0.3160381534482596,0.38951729332658774,0.2944445532251526,0.2165143774465571,0.2520482119136863,0.7268768380452865,0.02107495004102711
48,50-100,moderate,income,0.31570391741832066,0.4866811296177361,0.1976149529639433,0.4896130283062309,0.40951840536740286,0.40054681759953203,0.1899347770330649
28,100-200,moderate,growth,0.7112880177698174,0.22013235864184005,0.06857962358834259,0.4094738934821123,0.3952093950333433,0.4476392499573352,0.1571513550093216
33,>200,conservative,growth,0.49164952562986386,0.426769904372544,0.08158056999759228,0.7236739675212425,0.27978024151890385,0.5998379061457676,0.12038185233532867
25,50-100,conservative,income,0.35609685521988427,0.5555815377365829,0.08832160704353284,0.345794372607482,0.27604190469915485,0.6284318650837462,0.0955262302170991
21,<50,conservative,growth,0.7647099414899586,0.1998067226016139,0.03548333590842747,0.3436540611058503,0.19006459966214417,0.7425331659706391,0.06740223436721661
57,<50,moderate,growth,0.7816125954498196,0.14381366711281102,0.07457373743736932,0.33266333026616374,0.40372913243728886,0.4415579390116107,0.15471292855110044
21,50-100,conservative,growth,0.677463827478302,0.2913923822025351,0.031143790319162704,0.28793092920936514,0.27760167441237815,0.6294845123629312,0.09291381322469065
42,100-200,conservative,growth,0.3227781199465715,0.47011256434667453,0.20710931570675398,0.4177049025696212,0.27128735081799155,0.6192582214469214,0.10945442773508703
20,100-200,conservative,growth,0.21940312634199677,0.6971298230099415,0.08346705064806176,0.8201454801103976,0.2725827352297939,0.6225867812849778,0.10483048348522832
49,<50,aggressive,income,0.17905108694358032,0.5638890378442915,0.2570598752121282,0.7424499306141684,0.5860981471036892,0.27252048342672064,0.14138136946959018
20,<50,conservative,growth,0.40802403351103766,0.5735636801113447,0.018412286377617677,0.7146758514147554,0.1898731072882532,0.7747379846779722,0.0353889080337747
44,100-200,aggressive,income,0.2181537877660053,0.222694988986445,0.5591512232475497,0.7581357639549738,0.6178069259233482,0.1926333266782863,0.18955974739836548
46,>200,aggressive,growth,0.10997289295300577,0.6805495691500296,0.20947753789696458,0.38859252253070015,0.6544460818814337,0.16419754036291048,0.18135637775565586
49,50-100,conservative,balanced,0.8538938755244337,0.1437584883034337,0.0023476361721325263,0.8212091835267414,0.25144729851944236,0.6931770902453306,0.05537561123522705
67,<50,aggressive,balanced,0.39511427158401474,0.4525358833131642,0.152349845102821,0.2961123625991231,0.633089998684648,0.2483932109546224,0.11851679036072958
68,<50,conservative,balanced,0.35124931253565717,0.4774685089668992,0.17128217849744376,0.4354420087009074,0.20015075024289766,0.7660153865296876,0.033833863227414746
36,100-200,moderate,balanced,0.17459610409020238,0.6137265207799298,0.2116773751298678,0.61072368327714,0.46126250917255657,0.39454942763532325,0.14418806319212019
38,50-100,moderate,income,0.5845578577556182,0.21544239526153025,0.19999974698285158,0.2720335618394005,0.4605103318810692,0.4187408369431934,0.12074883117573737
22,100-200,moderate,income,0.1502869503938056,0.571125648087886,0.27858740151830846,0.7110911314434974,0.45178134025793454,0.4066429673841693,0.14157569235789616
35,50-100,moderate,growth,0.6336500299916931,0.16886050916860806,0.19748946083969876,0.47107223374243246,0.4337258597513939,0.4034281572539749,0.1628459829946312
45,50-100,aggressive,balanced,0.6075920926703627,0.20324884078914465,0.18915906654049253,0.74908396592588,0.6086057578543985,0.22568282426623218,0.1657114178793694
59,50-100,conservative,income,0.44742134188607097,0.551626162367727,0.000952495746202017,0.5450273999092219,0.3031630825365518,0.6199988636372918,0.07683805382615645
39,<50,conservative,growth,0.437731642772247,0.2633666372477284,0.29890171998002457,0.32661216709773544,0.21164908028603488,0.7304039871464424,0.0579469325675228
38,>200,conservative,growth,0.20761348296483623,0.6326651180367385,0.15972139899842522,0.7143332679487411,0.34828191055283986,0.5499942167283296,0.1017238727188307
23,100-200,moderate,income,0.6335914319025167,0.19398333441925775,0.17242523367822557,0.3765007690872605,0.4943516082509687,0.39009045988670826,0.1155579318623231
18,>200,moderate,balanced,0.6703325731766838,0.3271199410765578,0.0025474857467583725,0.5435672108876299,0.46324961900714556,0.3611424687993016,0.17560791219355282
22,100-200,conservative,growth,0.44444533511227025,0.4411053394075163,0.11444932548021344,0.25287328840983536,0.30981929155658394,0.6026003828464199,0.08758032559699616
58,50-100,moderate,balanced,0.2302759854466514,0.42362126911873177,0.34610274543461683,0.6325066580884257,0.42951205596497,0.3935423223740147,0.17694562166101513
29,<50,conservative,balanced,0.4742144833808622,0.44742348646856994,0.07836203015056775,0.666100436351394,0.16700586097724238,0.789102927583639,0.04389121143911866
43,>200,conservative,balanced,0.4509553932302355,0.44176301515609084,0.10728159161367372,0.4650719469809485,0.27507083700561685,0.6052695411390991,0.11965962185528407
63,<50,conservative,growth,0.4656243371815094,0.3987726058419317,0.13560305697655883,0.8680959462247517,0.2281983777256955,0.7240531022624859,0.04774852001181862
51,100-200,conservative,balanced,0.4038428141483268,0.3259945022427158,0.27016268360895745,0.8119182450374478,0.2671388338825417,0.6327378188706415,0.10012334724681682
66,<50,conservative,growth,0.36089367941388323,0.5135919901493677,0.12551433043674892,0.6955586410179962,0.16852320404938378,0.776665114773231,0.05481168117738533
31,<50,conservative,balanced,0.40908270763862276,0.5196109721208119,0.0713063202405655,0.6995564521456199,0.19766153140469156,0.7686589336572285,0.03367953493808003
43,>200,conservative,growth,0.39860052887083247,0.39492762924457325,0.20647184188459416,0.37668120045950587,0.2747540067293473,0.6302567485934903,0.09498924467716234
62,50-100,moderate,balanced,0.41781796113391684,0.3841025375129898,0.19807950135309332,0.6597706617619142,0.49064427281345024,0.4145901494616871,0.09476557772486273
44,<50,conservative,income,0.44374243566751154,0.5176259238041139,0.038631640528374686,0.33874438566486376,0.24362519657028978,0.7175070975344126,0.038867705895297616
26,50-100,conservative,balanced,0.44131743191060463,0.5382168733336986,0.020465694755696665,0.3008022567438755,0.3108126047537687,0.6361379792393711,0.053049416006860306
43,100-200,moderate,balanced,0.5343308605570405,0.3553671830862953,0.11030195635666405,0.8996275259418061,0.4312522285214692,0.43531800533072595,0.13342976614780488
64,<50,moderate,growth,0.7060487563282707,0.1836947642239058,0.11025647944782355,0.6356631520312219,0.3749761813888406,0.4889891552142216,0.1360346633969378
39,>200,moderate,growth,0.7211643765753915,0.20633840927818198,0.07249721414642654,0.5016915108600334,0.492391708186328,0.35353373760338097,0.15407455421029106
64,100-200,conservative,balanced,0.3476702146691762,0.4501573121836143,0.2021724731472095,0.40171516601876595,0.30938996466264235,0.6125262861342569,0.07808374920310078
47,100-200,aggressive,income,0.7246563577605293,0.2498722326734636,0.025471409566007186,0.6227443105635592,0.627696745619621,0.1976178502254192,0.1746854041549599
60,>200,aggressive,income,0.47543934616926575,0.3751663437762514,0.14939431005448278,0.2347154557540603,0.6790965249550159,0.18113988770432665,0.1397635873406575
65,<50,moderate,growth,0.46643033362746145,0.4263022506741508,0.10726741569838774,0.2662766933533566,0.422723018579422,0.4690024797443116,0.10827450167626629
34,<50,aggressive,income,0.5235253990079178,0.30698271113149084,0.16949188986059124,0.22299968841827744,0.6012861571014044,0.3038179865526485,0.09489585634594705
43,100-200,moderate,balanced,0.3312014551093802,0.2633683167160222,0.4054302281745975,0.5494188832838632,0.414627998480813,0.4171484466417984,0.16822355487738855
53,<50,conservative,growth,0.7799102725415886,0.21777610931928745,0.0023136181391240377,0.6204246404310277,0.20833252332005806,0.7602228095813534,0.031444667098588654
18,50-100,aggressive,balanced,0.3959588029297256,0.4924873038454663,0.11155389322480813,0.2437358329504746,0.6004751824653656,0.23143249036561062,0.16809232716902386
25,>200,conservative,growth,0.16963345493613885,0.7790172831845434,0.051349261879317674,0.7048571272492415,0.3355209733219142,0.5504385412585011,0.11404048541958459
66,50-100,aggressive,growth,0.42311031787344905,0.3773308291063877,0.19955885302016332,0.3612765500601951,0.635927485708214,0.2570538648151102,0.10701864947667579
52,<50,conservative,growth,0.5509819532217842,0.26478104408969527,0.18423700268852047,0.6796410176389063,0.24150920763492095,0.7019725906139749,0.05651820175110427
69,100-200,aggressive,growth,0.19089055407648195,0.6481702738879036,0.16093917203561434,0.8873279980246719,0.6314155445288518,0.20143805534832437,0.16714640012282386
32,>200,conservative,income,0.44683059550711424,0.43116830423643804,0.12200110025644778,0.6837741090376958,0.29792550122653977,0.5895003141370317,0.11257418463642861
64,<50,conservative,balanced,0.5395214610228429,0.3817427615663983,0.07873577741075882,0.818235137046526,0.20448995917777688,0.7344290000972816,0.06108104072494145
39,<50,aggressive,balanced,0.6555971702137212,0.13315353421510465,0.21124929557117422,0.8637389547201472,0.5838295764929273,0.28504802529424733,0.1311223982128254
31,100-200,conservative,balanced,0.3988694976350714,0.49099447130594087,0.11013603105898774,0.5407257338466208,0.2400843314117852,0.6727758784577988,0.08713979013041591
43,100-200,conservative,growth,0.27460416549088346,0.6345783297493568,0.09081750475975975,0.6916274855937947,0.30336737227407656,0.6181972846292172,0.07843534309670629
45,50-100,conservative,income,0.13564062024154008,0.7286876609400689,0.13567171881839102,0.7963784774890892,0.2864577595711519,0.6501391965172022,0.06340304391164603
40,>200,aggressive,balanced,0.7904468956827025,0.16666174202968642,0.04289136228761116,0.4496262390120703,0.5984987380775416,0.20143850917745104,0.2000627527450074
31,>200,aggressive,income,0.3536847522184422,0.45635965986081034,0.18995558792074746,0.3829781215922764,0.6486114963255879,0.16793800415668614,0.18345049951772602
41,100-200,conservative,growth,0.6309973108356968,0.3658821253274746,0.0031205638368286114,0.862619000944837,0.24721884122059665,0.6725452884534224,0.08023587032598094
19,50-100,conservative,balanced,0.20457251122207507,0.5177121104561835,0.2777153783217415,0.7084124502581726,0.2629131646615945,0.6369809506735672,0.10010588466483836
62,>200,aggressive,income,0.7147341214769897,0.21763664759532997,0.0676292309276804,0.3537774933630784,0.6804874094747779,0.18782302496847042,0.13168956555675154
43,100-200,aggressive,growth,0.22055130263240896,0.6485533825143949,0.13089531485319617,0.5143583748732794,0.5990447835031251,0.21156754944403589,0.18938766705283908
31,<50,conservative,income,0.30415856670242974,0.4322103383506153,0.26363109494695497,0.7575162386764666,0.1990411892885366,0.7628045617620213,0.038154248949442235
68,>200,conservative,balanced,0.41872535127907445,0.2825211227915533,0.2987535259293722,0.5829440936429094,0.3307752221610629,0.5633696932558641,0.10585508458307297
24,50-100,conservative,balanced,0.3515306855824658,0.45244787738407105,0.19602143703346303,0.6549664687161223,0.24506379549727514,0.6880959292026367,0.06684027530008818
20,50-100,moderate,growth,0.49649161972165845,0.4455104434213978,0.05799793685694377,0.7276377414315366,0.4484336250554276,0.4494256584258466,0.10214071651872582
64,50-100,aggressive,growth,0.5928645143055279,0.36466422956141953,0.04247125613305258,0.6354064321662865,0.6426582302436232,0.23978229064582268,0.11755947911055406
40,<50,moderate,growth,0.3722291651338968,0.4510356568918738,0.17673517797422952,0.5780555253455371,0.411520809804405,0.4521668149530703,0.13631237524252465
63,>200,aggressive,income,0.6339399471152599,0.2559902368881259,0.11006981599661414,0.7247299990714414,0.6392023209362734,0.21373210570780932,0.14706557335591733
60,>200,aggressive,income,0.7138984504342407,0.24517104007462182,0.040930509491137516,0.7092941248025405,0.6352481100941354,0.18708342242800505,0.1776684674778596
64,<50,aggressive,income,0.4036530137733313,0.39127912565286416,0.2050678605738044,0.6409106801282253,0.5950129351977776,0.24813026037939084,0.1568568044228316
62,>200,aggressive,growth,0.5956368113926029,0.19105599509547294,0.21330719351192398,0.45185258936735073,0.642622039927331,0.22580449386116105,0.13157346621150792
35,<50,aggressive,balanced,0.4848437321480862,0.25485957140944004,0.26029669644247366,0.4840684645401901,0.5789945637298164,0.2883322622665201,0.13267317400366352
55,<50,aggressive,balanced,0.23388609733798263,0.35426332022126034,0.41185058244075706,0.8793069842188682,0.6281634850244296,0.2747729891652722,0.09706352581029822
